"Артикул";"Ozon Product ID";"SKU";"Количество товара в кванте";"Barcode";"Название товара";"Контент-рейтинг";"Бренд";"Статус товара";"Метки";"Отзывы";"Рейтинг";"Причины скрытия";"Дата создания";"Категория";"Тип";"Объем товара, л";"Объемный вес, кг";"Доступно к продаже по схеме FBO, шт.";"Зарезервировано, шт";"Доступно к продаже по схеме FBS, шт.";"Доступно к продаже по схеме realFBS, шт.";"Зарезервировано на моих складах, шт";"Текущая цена с учетом скидки, ₽";"Цена до скидки (перечеркнутая цена), ₽";"Цена Premium, ₽";"Размер НДС, %";"Ошибки";"Предупреждения"
"'wbgetsizegel";"90977096";"288346567";;"4631146952982";"Возбуждающая смазка лубрикант для увеличения члена на водной основе съедобная, Алтея, Getsize, 30 мл";"'100";"Алтея";"Продается";;"1366";"'4.50";;"2021-07-09 13:07:56";"Интимная косметика";"Возбуждающее средство";"'0.13";"'0.1";"420";"0";"0";"0";"0";"1000.00";"3510.00";;"22%";;
"'wbgetsize";"90981606";"286744793";;"4631146952975";"Насадка для увеличения члена, мастурбатор, секс игрушки, Getsize";"'100";"Алтея";"Продается";;"1148";"'4.60";;"2021-07-09 13:53:07";"Секс игрушки";"Эрекционное кольцо";"'1.97";"'0.6";"203";"0";"0";"0";"0";"1035.00";"5895.00";;"22%";;
"'pantogor";"93682604";"288894202";;"4631136905059";"Мазь для суставов, крем от боли в суставах обезболивающая, панты марала бальзам Алтея, Пантогор, 30 мл";"'100";"Алтея";"Продается";;"4163";"'4.80";;"2021-07-14 12:05:45";"Парафармацевтика";"Лечебное средство";"'0.12";"'0.1";"159";"0";"0";"0";"0";"605.00";"1432.00";;"22%";;
"'wbvaritox";"93802391";"289030651";;"4631137125906";"Крем от варикоза усталости и отеков ног охлаждающий Varitox, 30 мл";"'100";"Алтея";"Готов к продаже";;"855";"'4.50";;"2021-07-14 15:32:21";"Парафармацевтика";"Лечебное средство";"'0.18";"'0.2";"0";"0";"0";"0";"0";"810.00";"1440.00";;"22%";;
"'wbsinergel";"93804954";"289049035";;"4631151878550";"Мазь для суставов обезболивающая с глюкозамин Алтея, Синергель, 30 мл";"'82";"Алтея";"Продается";;"9851";"'4.80";;"2021-07-14 16:00:48";"Парафармацевтика";"Лечебное средство";"'0.15";"'0.1";"1058";"3";"0";"0";"0";"703.00";"1189.00";;"22%";;
"'wbbiotrin";"94340859";"289386465";;"4631143681571";"Мазь для суставов обезболивающая, панты морала,коллаген, хондротин, глюкозамин, Биотрин, 30 мл";"'100";"Алтея";"Продается";;"2648";"'4.70";;"2021-07-15 11:17:27";"Парафармацевтика";"Лечебное средство";"'0.14";"'0.1";"91";"0";"0";"0";"0";"1222.00";"8535.00";;"22%";;
"'wbgetsize1gel2";"94782037";"290029361";;"2252096556260";"Эрекционное кольцо для мужчин, насадка на член, кольцо для эрекции, товары для взрослых";"'82";"Алтея";"Готов к продаже";;"191";"'0.00";;"2021-07-16 10:15:17";"Секс игрушки";"Эрекционное кольцо";"'1.94";"'0.4";"0";"0";"0";"0";"0";"2154.00";"6622.00";;"22%";;
"'dolgar";"94939255";"290413438";;"4631153669927";"Мазь от грибка ногтей на ногах, противогрибковое средство с коллоидным серебром, Алтея, Долгар, 15 мл";"'100";"Алтея";"Продается";;"2550";"'4.60";;"2021-07-16 13:15:31";"Парафармацевтика";"Лечебное средство";"'0.12";"'0.1";"117";"0";"0";"0";"0";"1500.00";"5693.00";;"22%";;
"'trezor";"94944505";"290202723";;"4631153593390";"От алкогольной зависимости, средство от алкоголизма, Алтея, Трезор, 10 стиков";"'100";"Алтея";"Продается";;"1921";"'4.50";;"2021-07-16 13:38:31";"Парафармацевтика";"Пищевая добавка";"'0.13";"'0.1";"234";"5";"0";"0";"0";"695.00";"1708.00";;"22%";;
"'wbneomaxblue";"96287249";"295356614";;"4631148520929";"Таблетки для мужчин для секса, возбудитель, средство для потенции и эрекции,витамины для мужчины, Neomax blue, Неомаксблу, 10 штук";"'100";"Алтея";"Готов к продаже";;"1466";"'4.40";;"2021-07-19 14:48:10";"Парафармацевтика";"Пищевая добавка";"'0.12";"'0.1";"0";"0";"0";"0";"0";"608.00";"1841.00";;"22%";;
"'wbneomax";"96302335";"291910198";;"4631148520912";"Таблетки для мужчин для секса, возбудитель, средство для потенции и эрекции, витамины для мужчины, Neomax, Неомакс, 13 штук";"'100";"Алтея";"Готов к продаже";;"1294";"'4.40";;"2021-07-19 14:57:30";"Парафармацевтика";"Пищевая добавка";"'0.24";"'0.1";"0";"0";"0";"0";"0";"635.00";"2095.00";;"22%";;
"'wbmicelix";"96317107";"291845947";;"4631146328114";"Комплекс Детокс для очищения печени и кишечника, для похудения, детокc для печени, Алтея, Мицеликс, 10 шт";"'82";"Алтея";"Продается";;"5683";"'4.80";;"2021-07-19 15:38:10";"Парафармацевтика";"Пищевая добавка";"'0.35";"'0.1";"2077";"0";"0";"0";"0";"759.00";"2030.00";;"22%";;
"'wboptitrin";"96317961";"291860206";;"4631136905394";"Витамины для глаз, лютеин комплекс для зрения, Оптитрин, 7 ампул";"'100";"Алтея";"Продается";;"749";"'4.70";;"2021-07-19 15:50:18";"БАДы и витамины";"Витаминный комплекс";"'0.68";"'0.1";"472";"10";"0";"0";"0";"680.00";"1636.00";;"22%";;
"'wbalkotoxic";"102697986";"299140637";;"4631136905127";"Капли от алкогольной зависимости, от алкоголизма от запоя, от похмелья Alkotoxic, 10 мл";"'100";"Алтея";"Готов к продаже";;"1031";"'4.50";;"2021-07-27 14:53:35";"Парафармацевтика";"Пищевая добавка";"'0.12";"'0.1";"0";"0";"0";"0";"0";"649.00";"1387.00";;"22%";;
"'fruitalica";"104470557";"301630774";;"4631152226077";"Таблетки для похудения, жиросжигатель, детокс Алтея, Фруталика, 10 капсул";"'82";"Алтея";"Продается";;"1379";"'4.60";;"2021-07-30 11:20:32";"БАДы и витамины";"БАД для снижения веса";"'0.15";"'0.1";"134";"0";"0";"0";"0";"900.00";"1394.00";;"22%";;
"'sanatsin";"104485828";"296756085";;"4631136905264";"От паразитов, от глистов комплекс, Алтея, Санацин, 20 штук";"'100";"Алтея";"Продается";;"3143";"'4.80";;"2021-07-30 11:47:45";"Парафармацевтика";"Антипаразитарное средство";"'0.13";"'0.1";"120";"0";"0";"0";"0";"798.00";"2088.00";;"22%";;
"'glikiron";"104503440";"296790094";;"4631155368231";"Витаминный комплекс пищевая добавка для диабетиков Гликирон. Для иммунитета, для энергии. Сахарный диабет / 50 мл";"'82";"Алтея";"Продается";;"1511";"'4.50";;"2021-07-30 12:22:24";"Парафармацевтика";"Пищевая добавка";"'0.20";"'0.1";"205";"0";"0";"0";"0";"610.00";"1285.00";;"22%";;
"'adenofrin";"104543734";"296818197";;"4631155494015";"Возбудитель для мужчин, для эрекции, для потенции, для секса. 18+ / Аденофрин";"'87.5";"Алтея";"Готов к продаже";;"3320";"'4.60";;"2021-07-30 13:27:57";"Парафармацевтика";"Пищевая добавка";"'0.29";"'0.1";"0";"0";"0";"0";"0";"670.00";"1297.00";;"22%";;
"'micardin";"104546014";"296818697";;"4631154425492";"Средство от давления, витамины для сердца, чистка сосудов, Алтея, Микардин, 10 капсул";"'100";"Алтея";"Продается";;"4943";"'4.80";;"2021-07-30 13:34:25";"Парафармацевтика";"Пищевая добавка";"'0.12";"'0.1";"681";"0";"0";"0";"0";"775.00";"2151.00";;"22%";;
"'micolan";"114529232";"307654206";;"4631153669934";"Мазь от грибка ногтей на ногах, противогрибковое средство с коллоидным серебром, Алтея, Миколан, 15 мл";"'82";"Алтея";"Продается";;"1470";"'4.60";;"2021-08-19 20:47:13";"Парафармацевтика";"Лечебное средство";"'0.10";"'0.1";"144";"0";"0";"0";"0";"562.00";"1340.00";;"22%";;
"'micardinforte";"118635470";"313362644";;"4631158730707";"Средство от давления, чистка сосудов, Алтея, Микардин Форте, 10 капсул";"'100";"Алтея";"Продается";;"2517";"'4.80";;"2021-09-02 10:42:04";"Парафармацевтика";"Пищевая добавка";"'0.29";"'0.1";"460";"0";"0";"0";"0";"791.00";"2051.00";;"22%";;
"'wbvaranga";"126428575";"327231451";;"4631136905080";"Мазь от грибка ногтей Варанга, Алтея, 10 мл";"'100";"Алтея";"Готов к продаже";;"1007";"'4.70";;"2021-09-22 11:32:00";"Парафармацевтика";"Лечебное средство";"'0.11";"'0.1";"0";"0";"0";"0";"0";"620.00";"1215.00";;"22%";;
"'wbvizox";"126436577";"327231771";;"4631137993550";"Витамины для глаз, комплекс для зрения с лютеином и черникой Алтея, Визокс, Vizox, 10 мл";"'100";"Алтея";"Продается";;"1927";"'4.50";;"2021-09-22 11:47:48";"БАДы и витамины";"Витаминный комплекс";"'0.07";"'0.1";"31";"0";"0";"0";"0";"562.00";"1315.00";;"22%";;
"'papiderm";"126463147";"327232798";;"4631136905165";"Средство от бородавок, удаление папиллом, Алтея, Папидерм, 11 мл";"'100";"Алтея";"Продается";;"2547";"'4.40";;"2021-09-22 12:08:12";"Парафармацевтика";"Лечебное средство";"'0.13";"'0.1";"304";"0";"0";"0";"0";"721.00";"1210.00";;"22%";;
"'artoks";"126891381";"327290561";;"4631159656396";"Мазь для суставов обезболивающая Артокс, панты марала крем Алтея, 50 мл";"'100";"Алтея";"Продается";;"17890";"'4.80";;"2021-09-23 09:40:07";"Парафармацевтика";"Лечебное средство";"'0.42";"'0.1";"1035";"11";"0";"0";"0";"745.00";"1215.00";;"22%";;
"'brutalax";"134086200";"356313449";;"4631159687796";"Возбудитель для мужчин, таблетки для потенции у мужчин, для секса, Бруталакс, 18+";"'82";"Алтея";"Продается";;"6717";"'4.50";;"2021-10-04 12:10:13";"Парафармацевтика";"Пищевая добавка";"'0.30";"'0.1";"474";"1";"0";"0";"0";"665.00";"1540.00";;"22%";;
"'dardrakona";"144135324";"359068917";;"2038674207621";"Крем от варикоза усталости и отеков ног мазь вен на ногах от варикоза ног крем , Алтея, Дар Дракона, 30 мл";"'100";"Алтея";"Продается";;"2136";"'4.80";;"2021-10-19 18:04:44";"Парафармацевтика";"Лечебное средство";"'0.32";"'0.1";"523";"0";"0";"0";"0";"1275.00";"1760.00";;"22%";;
"'adenofringreen";"164984013";"396723649";;"4631159649336";"Таблетки от простатита для мужчин для потенции Алтея, Аденофрин, 20 шт";"'100";"Алтея";"Готов к продаже";;"3335";"'4.70";;"2021-11-18 20:11:55";"Парафармацевтика";"Пищевая добавка";"'0.19";"'0.1";"0";"0";"0";"0";"0";"605.00";"1300.00";;"22%";;
"'okucin";"168608672";"399457649";;"4627099782752";"Витамины для глаз и восстановления зрения, лютеин, Окуцин, Алтея, 10 мл";"'100";"Алтея";"Продается";;"1140";"'4.60";;"2021-11-24 11:16:27";"Парафармацевтика";"Пищевая добавка";"'0.38";"'0.1";"383";"1";"0";"0";"0";"650.00";"1740.00";;"22%";;
"'daoshen";"270991899";"563811764";;"4609555389125";"Мазь от грибка ногтей на ногах, противогрибковое средство с коллоидным серебром, Алтея, Даошэн, 15 мл";"'100";"Алтея";"Продается";;"11404";"'4.60";;"2022-04-18 14:41:58";"Парафармацевтика";"Лечебное средство";"'0.11";"'0.1";"533";"1";"0";"0";"0";"712.00";"2150.00";;"22%";;
"'daoshen";"270991899";"2176057035";"6";"OZN2176057035";"Мазь от грибка ногтей на ногах, противогрибковое средство с коллоидным серебром, Алтея, Даошэн, 15 мл";"'100";"Алтея";"Готов к продаже";;;;;"2025-05-23 16:12:52";"Парафармацевтика";"Лечебное средство";"'1.21";"'0.2";"0";"0";"0";"0";"0";"499.00";"700.00";;"22%";;
"'chudofrukt";"319326669";"636852972";;"4631144115839";"Шипучие таблетки для похудения, детокс, жиросжигатель, Алтея, Чудо фрукт, 10 таблеток";"'100";"Алтея";"Готов к продаже";;"3486";"'4.70";;"2022-07-06 14:44:32";"Парафармацевтика";"Пищевая добавка";"'1.17";"'0.2";"0";"0";"0";"0";"0";"650.00";"1860.00";;"22%";;
"'smokinglock";"339720613";"669955177";;"4631136905233";"От курения средство, от никотиновой зависимости, Алтея, Smoking Lock, 10 мл";"'100";"Алтея";"Продается";;"4498";"'4.40";;"2022-08-12 13:27:09";"Парафармацевтика";"Пищевая добавка";"'0.14";"'0.1";"1";"0";"0";"0";"0";"635.00";"2205.00";;"22%";;
"'pirantox";"339729415";"669985038";;"4631144673049";"Антипаразитарный комплекс от глистов, очищение организма от паразитов, детокс, Алтея, Пирантокс, 10 капсул";"'100";"Алтея";"Готов к продаже";;"3186";"'4.80";;"2022-08-12 13:50:16";"Парафармацевтика";"Пищевая добавка";"'0.11";"'0.1";"0";"0";"0";"0";"0";"512.00";"2105.00";;"22%";;
"'kardicin";"369395858";"727886779";;"4631144673056";"Средство от давления, витамины для сердца, чистка сосудов, Алтея, Кардицин, 10мг";"'100";"Алтея";"Продается";;"5087";"'4.80";;"2022-09-19 14:24:18";"Парафармацевтика";"Пищевая добавка";"'0.14";"'0.1";"1536";"1";"0";"0";"0";"717.00";"1975.00";;"22%";;
"'kardicin";"369395858";"2031233774";"4";"OZN2031233774";"Средство от давления, витамины для сердца, чистка сосудов, Алтея, Кардицин, 10мг";"'100";"Алтея";"Не продается";;;;"Долгое накопление квантов";"2025-04-14 13:34:53";"Парафармацевтика";"Пищевая добавка";"'1.21";"'0.2";"0";"0";"0";"0";"0";"430.00";"809.00";;"22%";;
"'trezax";"369403365";"733369927";;"4631144673087";"Капли от алкогольной зависимости, от алкогольной зависимости, Алтея, Трезакс, 10 мл";"'100";"Алтея";"Продается";;"3698";"'4.50";;"2022-09-19 14:40:20";"Парафармацевтика";"Пищевая добавка";"'0.13";"'0.1";"445";"1";"0";"0";"0";"718.00";"1975.00";;"22%";;
"'activeprost";"374048729";"732602771";;"4631144673070";"Таблетки от простатита для мужчин для потенции Алтея, Активпрост, 10 штук";"'100";"Алтея";"Продается";;"7943";"'4.80";;"2022-09-27 21:33:54";"Парафармацевтика";"Пищевая добавка";"'0.14";"'0.1";"937";"6";"0";"0";"0";"691.00";"2025.00";;"22%";;
"'khvoinitsa";"376095547";"736435678";;"4631144673063";"Хвойный экстракт для иммунитета и оздоровления Хвойница";"'100";"Алтея";"Продается";;"2789";"'4.80";;"2022-09-30 16:10:09";"Парафармацевтика";"Пищевая добавка";"'0.46";"'0.1";"1014";"0";"0";"0";"0";"782.00";"1675.00";;"22%";;
"'sustalit";"383637894";"743548429";;"4640012268409";"Мазь для суставов обезболивающая, крем глюкозамин и хондроитин, Сусталит, 30 мл";"'95.5";"Алтея";"Продается";;"4324";"'4.80";;"2022-10-12 12:21:19";"Парафармацевтика";"Лечебное средство";"'0.12";"'0.1";"650";"2";"0";"0";"0";"618.00";"1775.00";;"22%";;
"'insulight";"388188675";"751246155";;"4631136905189";"Диабет витамины при сахарном диабете, Алтея, Инсулайт, 49г";"'100";"Алтея";"Продается";;"10881";"'4.70";;"2022-10-18 14:59:51";"Парафармацевтика";"Пищевая добавка";"'0.57";"'0.1";"3012";"3";"0";"0";"0";"1008.00";"4870.00";;"22%";;
"'otivin";"411717653";"792260062";;"4631143262213";"Усилитель слуха. Ушные капли. Капли для улучшения слуха, Алтея, Отивин, 10 мл";"'100";"Алтея";"Продается";;"2613";"'4.60";;"2022-11-15 21:01:37";"Парафармацевтика";"Пищевая добавка";"'0.09";"'0.1";"451";"0";"0";"0";"0";"625.00";"1800.00";;"22%";;
"'psoral";"411749150";"793309964";;"4631158757957";"Мазь от псориаза и дерматита, крем от зуда, Алтея, Псорал, 30 мл";"'85";"Алтея";"Продается";;"4605";"'4.30";;"2022-11-15 21:27:44";"Парафармацевтика";"Лечебное средство";"'0.41";"'0.1";"235";"1";"0";"0";"0";"825.00";"1800.00";;"22%";;
"'psoral";"411749150";"2176060240";"6";"OZN2176060240";"Мазь от псориаза и дерматита, крем от зуда, Алтея, Псорал, 30 мл";"'85";"Алтея";"Готов к продаже";;;;;"2025-05-23 16:15:09";"Парафармацевтика";"Лечебное средство";"'3.14";"'0.6";"0";"0";"0";"0";"0";"499.00";"754.00";;"22%";;
"'okospas";"437045842";"836659639";;"4631143285991";"Витамины для глаз и восстановления зрения Окоспас, с лютеином и черникой, 10 мл";"'100";"Алтея";"Продается";;"6981";"'4.70";;"2023-01-13 16:47:17";"БАДы и витамины";"Витаминный комплекс";"'0.10";"'0.1";"1268";"4";"0";"0";"0";"660.00";"1675.00";;"22%";;
"'okospas";"437045842";"2031240714";"4";"OZN2031240714";"Витамины для глаз и восстановления зрения Окоспас, с лютеином и черникой, 10 мл";"'100";"Алтея";"Не продается";;;;"Долгое накопление квантов";"2025-04-14 13:37:47";"БАДы и витамины";"Витаминный комплекс";"'1.21";"'0.2";"0";"0";"0";"0";"0";"420.00";"853.00";;"22%";;
"'vetonus";"442887754";"847511103";;"4627144543031";"Крем от варикоза усталости и отеков ног Ветонус натуральный, 30 мл";"'100";"Алтея";"Продается";;"1911";"'4.70";;"2023-01-27 16:24:01";"Парафармацевтика";"Лечебное средство";"'0.46";"'0.1";"434";"5";"0";"0";"0";"650.00";"2000.00";;"22%";;
"'t34poten10caps";"466195310";"889458318";;"4627144543048";"Возбудитель для мужчин, таблетки для потенции, капсулы для секса, 18+, Т-34";"'82";"Алтея";"Продается";;"2949";"'4.50";;"2023-03-10 11:51:26";"Парафармацевтика";"Пищевая добавка";"'0.08";"'0.1";"8";"1";"0";"0";"0";"665.00";"1800.00";;"22%";;
"'allicil_gribok15ml";"480453345";"916705489";;"4627144543055";"Мазь от грибка ногтей на ногах Аллицил, противогрибковое средство, Алтея,15 мл";"'100";"Алтея";"Продается";;"9989";"'4.70";;"2023-03-29 15:35:31";"Парафармацевтика";"Лечебное средство";"'0.10";"'0.1";"1215";"3";"0";"0";"0";"665.00";"2775.00";;"22%";;
"'allicil_gribok15ml";"480453345";"2031221045";"4";"OZN2031221045";"Мазь от грибка ногтей на ногах Аллицил, противогрибковое средство, Алтея,15 мл";"'100";"Алтея";"Не продается";;;;"Долгое накопление квантов";"2025-04-14 13:29:53";"Парафармацевтика";"Лечебное средство";"'0.12";"'0.1";"0";"0";"0";"0";"0";"420.00";"822.00";;"22%";;
"'chudofrukt_BAD_60caps";"574476513";"1082252130";;"4610030631134";"Таблетки для похудения, жиросжигатель детокс для снижения веса, Алтея, Чудофрукт, 60 капсул";"'100";"Алтея";"Готов к продаже";;"1048";"'4.60";;"2023-07-17 05:26:49";"БАДы и витамины";"БАД для снижения веса";"'0.58";"'0.1";"0";"0";"0";"0";"0";"717.00";"1900.00";;"22%";;
"'artoks_1_1";"600040045";"1129261950";;"2038301408919";"Мазь для суставов обезболивающая Артокс, панты марала крем Алтея, 50+50 мл";"'100";"Алтея";"Продается";;"6578";"'4.80";;"2023-08-10 19:11:33";"Парафармацевтика";"Лечебное средство";"'1.45";"'0.3";"302";"2";"0";"0";"0";"1218.00";"2430.00";;"22%";;
"'micardin_1_1";"600058815";"1129297463";;"2038301460351";"Средство от давления, витамины для сердца, чистка сосудов, Алтея, Микардин, 2 шт";"'100";"Алтея";"Продается";;"1605";"'4.80";;"2023-08-10 21:12:48";"Парафармацевтика";"Пищевая добавка";"'0.78";"'0.2";"428";"0";"0";"0";"0";"1635.00";"2302.00";;"22%";;
"'micardin_1_1_1";"600058989";"1129297876";;"2038301462911";"Средство от давления, витамины для сердца, чистка сосудов, Алтея, Микардин, 3 шт";"'100";"Алтея";"Продается";;"4069";"'4.80";;"2023-08-10 21:14:23";"Парафармацевтика";"Пищевая добавка";"'0.76";"'0.2";"727";"4";"0";"0";"0";"1777.00";"5453.00";;"22%";;
"'kardicin_1_1";"600060423";"1129300642";;"2038301521588";"Средство от давления, витамины для сердца, чистка сосудов, Алтея, Кардицин, 2 шт";"'100";"Алтея";"Продается";;"1956";"'4.80";;"2023-08-10 21:21:09";"Парафармацевтика";"Пищевая добавка";"'0.65";"'0.1";"407";"0";"0";"0";"0";"1175.00";"3950.00";;"22%";;
"'kardicin_1_1_1";"600060788";"1129301060";;"2038301524237";"Средство от давления, витамины для сердца, чистка сосудов, Алтея, Кардицин, 3 шт";"'100";"Алтея";"Продается";;"4031";"'4.80";;"2023-08-10 21:24:03";"Парафармацевтика";"Пищевая добавка";"'0.58";"'0.1";"1302";"3";"0";"0";"0";"1754.00";"5925.00";;"22%";;
"'wbbiotrin_1_1";"614359406";"1154565320";;"2038301429006";"Мазь для суставов обезболивающая, панты морала,коллаген, хондротин, глюкозамин, Биотрин, 2 шт";"'100";"Алтея";"Продается";;"1385";"'4.70";;"2023-08-25 19:28:09";"Парафармацевтика";"Лечебное средство";"'0.50";"'0.2";"30";"0";"0";"0";"0";"1199.00";"9500.00";;"22%";;
"'chudofrukt_1_1";"614362318";"1154571921";;"2038301341797";"Шипучие таблетки для похудения, детокс, жиросжигатель, Алтея, Чудо фрукт, 10 шт х 2";"'100";"Алтея";"Готов к продаже";;"1830";"'4.70";;"2023-08-25 19:40:49";"Парафармацевтика";"Пищевая добавка";"'2.17";"'0.4";"0";"0";"0";"0";"0";"1010.00";"2500.00";;"22%";;
"'wbpantogor_1_1";"614362663";"1154572880";;"2038301488324";"Мазь для суставов, крем от боли в суставах обезболивающая, панты марала бальзам Алтея, Пантогор, 2 штуки";"'100";"Алтея";"Продается";;"2604";"'4.80";;"2023-08-25 19:46:40";"Парафармацевтика";"Лечебное средство";"'0.58";"'0.1";"146";"1";"0";"0";"0";"1240.00";"2000.00";;"22%";;
"'Т-34_BAD_60caps";"623856022";"1171921502";;"4607025203162";"Возбудитель для мужчин, БАД Т-34 возбуждающие для потенции, эрекции, 60 капсул";"'100";"Алтея";"Готов к продаже";;"1714";"'4.50";;"2023-09-04 14:18:03";"БАДы и витамины";"БАД при эректильной дисфункции";"'0.24";"'0.1";"0";"0";"0";"0";"0";"975.00";"2475.00";;"22%";;
"'pirantoks_BAD_60caps";"623956047";"1171820923";;"4673748455218";"Антипаразитарный комплекс от глистов, очищение организма от паразитов, черный орех детокс, Алтея, Пирантокс, 60 капсул";"'100";"Алтея";"Готов к продаже";;"713";"'4.80";;"2023-09-04 16:27:47";"БАДы и витамины";"БАД для ЖКТ";"'0.21";"'0.1";"0";"0";"0";"0";"0";"960.00";"2475.00";;"22%";;
"'cardicin_BAD_60caps";"624045147";"1171930661";;"4670142964940";"Таблетки от давления при гипертонии для сердца, чистка сосудов, Алтея, Кардицин, 60 капсул";"'100";"Алтея";"Продается";;"3846";"'4.80";;"2023-09-04 19:26:52";"Парафармацевтика";"Пищевая добавка";"'0.28";"'0.1";"901";"0";"0";"0";"0";"1250.00";"2475.00";;"22%";;
"'sanatsin_1_1";"632971043";"1188041492";;"2038611139794";"Санацин антипаразитарный комплекс от паразитов и от глистов. Капсулы от глистов, против паразитов / 20 капсул*2";"'100";"Алтея";"Продается";;"2553";"'4.80";;"2023-09-12 16:16:06";"Парафармацевтика";"Антипаразитарное средство";"'0.50";"'0.1";"418";"0";"0";"0";"0";"1800.00";"2500.00";;"22%";;
"'khvoinitsa_1_1";"633017914";"1191194423";;"2038611186927";"Хвойный экстракт для иммунитета и оздоровления Хвойница";"'100";"Алтея";"Продается";;"1453";"'4.80";;"2023-09-12 18:01:46";"Парафармацевтика";"Пищевая добавка";"'1.15";"'0.2";"559";"0";"0";"0";"0";"1320.00";"3999.00";;"22%";;
"'vetonus_1_1";"633019556";"1188108975";;"2038611205284";"Крем от варикоза усталости и отеков ног Ветонус натуральный, 30 мл";"'100";"Алтея";"Продается";;"795";"'4.70";;"2023-09-12 18:08:32";"Парафармацевтика";"Лечебное средство";"'1.24";"'0.2";"242";"0";"0";"0";"0";"1300.00";"3700.00";;"22%";;
"'dardrakona_1_1";"633020617";"1188111089";;"2038611263598";"Крем от варикоза усталости и отеков ног охлаждающий Дар Дракона, 30 мл";"'100";"Алтея";"Продается";;"2238";"'4.80";;"2023-09-12 18:11:50";"Парафармацевтика";"Лечебное средство";"'1.34";"'0.3";"335";"0";"0";"0";"0";"1281.00";"2500.00";;"22%";;
"'visitCREAMamarant";"669661772";"1235751364";;"4670017991798";"Крем для рук питательный Амарант, 75 мл";"'69.5";"Алтея";"Готов к продаже";;"207";"'0.00";;"2023-10-11 19:36:59";"Косметика для ухода";"Крем для ухода за кожей";"'0.14";"'0.1";"0";"0";"0";"0";"0";"300.00";"900.00";;"22%";;
"'biotrin_60ml";"704776870";"1271273685";;"4613008573474";"Мазь для суставов обезболивающая, панты морала, хондротин, глюкозамин, Биотрин, 60 мл";"'100";"Алтея";"Готов к продаже";;"810";"'4.70";;"2023-11-01 21:21:22";"Парафармацевтика";"Лечебное средство";"'0.24";"'0.1";"0";"0";"0";"0";"0";"860.00";"2470.00";;"22%";;
"'sanaсin_BAD_60caps";"705799153";"1271264152";;"4620153905647";"Капсулы пробиотик, энзимы, д манноза, метабиотик, Санацин, Алтея, 60 капсул";"'82";"Алтея";"Готов к продаже";;"305";"'4.80";;"2023-11-02 08:52:29";"Парафармацевтика";"Пищевая добавка";"'0.73";"'0.1";"0";"0";"0";"0";"0";"1000.00";"2470.00";;"22%";;
"'psoral_50ml";"705825336";"1271351989";;"2042057189688";"Мазь от псориаза и дерматита, крем от зуда, Алтея, Псорал, 50 мл";"'100";"Алтея";"Продается";;"1445";"'4.60";;"2023-11-02 09:01:07";"Парафармацевтика";"Лечебное средство";"'0.18";"'0.1";"360";"1";"0";"0";"0";"913.00";"1950.00";;"22%";;
"'mikardin plus_BAD_60 caps";"719182595";"1283151299";;"4620153905043";"Средство для сердца и сосудов от давления, чистка сосудов, Микардин Плюс, Алтея, 60 капсул";"'100";"Алтея";"Готов к продаже";;"528";"'4.70";;"2023-11-09 17:04:42";"БАДы и витамины";"БАД для вен и сосудов";"'0.44";"'0.1";"0";"0";"0";"0";"0";"1128.00";"2500.00";;"22%";;
"'artoks_75ml";"762994278";"1323284376";;"2038674207638";"Крем мазь для суставов и связок Артокс обезболивающий, панты марала 75 мл";"'100";"Алтея";"Продается";;"1710";"'4.80";;"2023-12-04 14:25:40";"Парафармацевтика";"Лечебное средство";"'0.29";"'0.1";"550";"1";"0";"0";"0";"937.00";"2638.00";;"22%";;
"'synergel_60ml";"763002347";"1324992259";;"4660417421216";"Мазь для суставов обезболивающая от боли в спине, глюкозамин Алтея, Синергель, 60 мл";"'100";"Алтея";"Продается";;"5781";"'4.80";;"2023-12-04 14:36:08";"Парафармацевтика";"Лечебное средство";"'0.24";"'0.1";"980";"2";"0";"0";"0";"950.00";"2462.00";;"22%";;
"'pantogor_100ml";"763183473";"1324991816";;"4608956608125";"Крем мазь для суставов и связок Пантогор обезболивающий, 100 мл";"'100";"Алтея";"Продается";;"869";"'4.80";;"2023-12-04 20:38:14";"Парафармацевтика";"Лечебное средство";"'0.56";"'0.1";"360";"2";"0";"0";"0";"1094.00";"2939.00";;"22%";;
"'monarda_30ml";"763186217";"1324991070";;"4631171074321";"Масло монарды и экстракт зеленого чая для ногтей, универсальное, Алтея, 30 мл";"'100";"Алтея";"Готов к продаже";;"253";"'4.90";;"2023-12-04 21:02:38";"Косметика для ухода";"Средство для ногтей и кутикулы";"'0.17";"'0.1";"0";"0";"0";"0";"0";"590.00";"1511.00";;"22%";;
"'nabor_remuver_40ml";"793529116";"1350956924";;"4607050974747";"Ремувер для удаления кутикулы, Алтея, 40 мл";"'100";"Алтея";"Продается";;"5364";"'4.70";;"2023-12-20 19:26:40";"Косметика для ухода";"Средство для ногтей и кутикулы";"'0.96";"'0.2";"920";"2";"0";"0";"0";"750.00";"880.00";;"22%";;
"'nabor_remuver_40ml";"793529116";"2031287674";"6";"OZN2031287674";"Ремувер для удаления кутикулы, Алтея, 40 мл";"'100";"Алтея";"Не продается";;;;"Долгое накопление квантов";"2025-04-14 13:54:56";"Косметика для ухода";"Средство для ногтей и кутикулы";"'8.00";"'1.6";"0";"0";"0";"0";"0";"410.00";"956.00";;"22%";;
"'daoshen_75ml";"793547378";"1350973604";;"4670142965244";"Мазь от грибка ногтей и стопы ног противогрибковая Даошэн. Крем гель от грибка ногтей / 75 мл";"'100";"Алтея";"Продается";;"2858";"'4.60";;"2023-12-20 20:49:32";"Парафармацевтика";"Лечебное средство";"'0.15";"'0.1";"341";"1";"0";"0";"0";"991.00";"2500.00";;"22%";;
"'dardrakona_75ml";"793547940";"1350973968";;"4670142965268";"Крем от варикоза усталости и отеков ног, Алтея, Дар Дракона, 75 мл";"'100";"Алтея";"Продается";;"520";"'4.80";;"2023-12-20 20:55:13";"Парафармацевтика";"Лечебное средство";"'0.08";"'0.1";"346";"0";"0";"0";"0";"2000.00";"2564.00";;"22%";;
"'sustalit_75ml";"797093933";"1354226463";;"4660417421438";"Мазь для суставов обезболивающая, крем Алтея, Сусталит, 75 мл";"'82";"Алтея";"Продается";;"6189";"'4.80";;"2023-12-22 15:03:19";"Парафармацевтика";"Лечебное средство";"'0.40";"'0.1";"2693";"3";"0";"0";"0";"840.00";"2397.00";;"22%";;
"'vetonus_100ml";"853520857";"1403753693";;"4660417421407";"Крем от варикоза ног, конский каштан / Ветонус, 100 мл";"'100";"Алтея";"Продается";;"1069";"'4.70";;"2024-01-25 14:56:01";"Парафармацевтика";"Лечебное средство";"'0.29";"'0.2";"229";"0";"0";"0";"0";"1000.00";"2300.00";;"22%";;
"'krem_dlya_ruk_75ml";"864832101";"1413555098";;"4601022298473";"Крем для рук ламеллярный с мочевиной 3%, увлажняющий и питательный, Алтея, 75 мл";"'100";"Алтея";"Продается";;"1855";"'4.80";;"2024-02-02 10:16:19";"Косметика для ухода";"Крем для ухода за кожей";"'0.71";"'0.1";"1541";"3";"0";"0";"0";"797.00";"7000.00";;"22%";;
"'kremshelk_100ml";"864841788";"1413566896";;"4611113000977";"Крем с мочевиной 10% увлажняющий для рук и тела, от трещин на пятках и сухости, 100 мл, Алтея";"'100";"Алтея";"Продается";;"1314";"'4.90";;"2024-02-02 10:24:16";"Косметика для ухода";"Крем для ухода за кожей";"'0.19";"'0.1";"478";"10";"0";"0";"0";"1120.00";"9500.00";;"22%";;
"'glikiron_BAD_60caps";"874368642";"1422277198";;"4627193453404";"Гликирон БАД для профилактики диабета контроль аппетита";"'100";"Алтея";"Продается";;"562";"'4.80";;"2024-02-14 09:38:12";"БАДы и витамины";"БАД для ускорения обмена веществ";"'0.23";"'0.1";"323";"0";"0";"0";"0";"1000.00";"2500.00";;"22%";;
"'shampun_protiv_perhoti_250ml";"895756091";"1440687097";;"4670020496679";"Шампунь от перхоти лечебный с климбазолом Алтея, 250мл";"'82";"Алтея";"Продается";;"3186";"'4.70";;"2024-02-28 15:45:27";"Косметика для ухода за волосами";"Шампунь для волос";"'0.51";"'0.3";"686";"2";"0";"0";"0";"1265.00";"1400.00";;"22%";;
"'shampun_dlya_rosta_250ml";"967160483";"1500240551";;"4660417421834";"Шампунь лечебный для роста волос, против выпадения, с красным перцем профессиональный, Алтея, 250 мл";"'100";"Алтея";"Продается";;"4688";"'4.90";;"2024-03-25 15:38:47";"Косметика для ухода за волосами";"Шампунь для волос";"'0.63";"'0.3";"402";"14";"0";"0";"0";"1215.00";"1960.00";;"22%";;
"'piling_100ml";"967193180";"1500346998";;"4670020496761";"Пилинг для кожи головы профессиональный скраб от перхоти, Алтея, 100 мл";"'100";"Алтея";"Готов к продаже";;"850";"'4.80";;"2024-03-25 16:12:37";"Косметика для ухода за волосами";"Пилинг для кожи головы";"'0.30";"'0.1";"0";"0";"0";"0";"0";"700.00";"1000.00";;"22%";;
"'gidrofilnoe_maslo_150ml";"997451379";"1526983919";;"4610172186202";"Гидрофильное масло для снятия макияжа с лавандой, Алтея , 150 мл";"'100";"Алтея";"Готов к продаже";;"596";"'4.70";;"2024-04-04 12:21:03";"Косметика для ухода";"Средство для умывания";"'1.08";"'0.2";"0";"0";"0";"0";"0";"800.00";"1050.00";;"22%";;
"'kavmaz";"997536160";"1527086051";;"4655778499073";"Кавказская мазь Натуральное лечебное средство для суставов и связок обезболивающее, Алтея, 40мл";"'100";"Алтея";"Продается";;"10438";"'4.80";;"2024-04-04 12:59:09";"Парафармацевтика";"Лечебное средство";"'0.34";"'0.1";"2517";"5";"0";"0";"0";"700.00";"1200.00";;"22%";;
"'kavmaz";"997536160";"2031274296";"4";"OZN2031274296";"Кавказская мазь Натуральное лечебное средство для суставов и связок обезболивающее, Алтея, 40мл";"'100";"Алтея";"Не продается";;;;"Долгое накопление квантов";"2025-04-14 13:50:02";"Парафармацевтика";"Лечебное средство";"'3.04";"'0.6";"0";"0";"0";"0";"0";"499.00";"939.00";;"22%";;
"'chudogrib";"997844885";"1528840163";;"4610030631462";"Антипаразитарный комплекс от глистов, очищение организма от паразитов, детокс, Алтея, Чудо гриб, чудогриб, 20 капсул";"'82";"Алтея";"Продается";;"3394";"'4.70";;"2024-04-04 19:01:40";"Парафармацевтика";"Пищевая добавка";"'0.12";"'0.1";"592";"1";"0";"0";"0";"768.00";"1200.00";;"22%";;
"'kinzhal";"997919562";"1528074808";;"4610030632476";"Возбудитель для мужчин, средство для потенции и эрекции, витамины для мужчины,Кинжал, 20 капсул";"'100";"Алтея";"Продается";;"13140";"'4.50";;"2024-04-04 21:49:13";"Парафармацевтика";"Пищевая добавка";"'0.14";"'0.1";"1366";"2";"0";"0";"0";"791.00";"1200.00";;"22%";;
"'urofol";"997920239";"1528085750";;"4600867365678";"Таблетки от недержания мочи от цистита, Алтея, Урофол, 20 капсул";"'82";"Алтея";"Продается";;"2444";"'4.60";;"2024-04-04 21:57:00";"Парафармацевтика";"Пищевая добавка";"'0.18";"'0.1";"732";"0";"0";"0";"0";"645.00";"3200.00";;"22%";;
"'arterol";"997921559";"1528107368";;"4610030631431";"Средство от давления, витамины для сердца, чистка сосудов, Алтея, Артерол, 10мл";"'100";"Алтея";"Продается";;"15455";"'4.70";;"2024-04-04 22:06:15";"Парафармацевтика";"Пищевая добавка";"'0.12";"'0.1";"4941";"5";"0";"0";"0";"819.00";"4200.00";;"22%";;
"'arterol";"997921559";"2031248310";"4";"OZN2031248310";"Средство от давления, витамины для сердца, чистка сосудов, Алтея, Артерол, 10мл";"'100";"Алтея";"Готов к продаже";;;;;"2025-04-14 13:41:28";"Парафармацевтика";"Пищевая добавка";"'1.21";"'0.2";"0";"0";"0";"0";"0";"499.00";"1021.00";;"22%";;
"'urolgan";"1015066385";"1541839778";;"4610030632629";"Средство от простатита для потенции Уролган";"'100";"Алтея";"Продается";;"638";"'4.60";;"2024-04-11 11:01:50";"Парафармацевтика";"Пищевая добавка";"'0.13";"'0.1";"395";"0";"0";"0";"0";"730.00";"1200.00";;"22%";;
"'trezvin";"1015089385";"1541858934";;"4610030632650";"Капсулы от алкогольной зависимости, пищевая добавка Трезвин";"'100";"Алтея";"Продается";;"2334";"'4.70";;"2024-04-11 11:12:39";"Парафармацевтика";"Пищевая добавка";"'0.06";"'0.1";"413";"2";"0";"0";"0";"690.00";"1200.00";;"22%";;
"'enteroshol";"1015223550";"1542004482";;"4610030632605";"Таблетки от изжоги, для желудка и печени, чистка печени и желудка, Энтеросхол, 20 капсул";"'100";"Алтея";"Не продается";;"837";"'0.00";"Есть запрос от государственного органа";"2024-04-11 13:18:37";"Парафармацевтика";"Пищевая добавка";"'0.17";"'0.1";"0";"0";"0";"0";"0";"685.00";"1200.00";;"22%";;
"'oftalmol";"1015728646";"1542468939";;"4610030632612";"Витамины для глаз; лютеин комплекс для глаз для зрения, комплекс витаминов (А, E, С) цинк для улучшения и восстановления зрения, увлажняющие капли / Офтальмол Oftalmol";"'82";"Алтея";"Продается";;"2670";"'4.70";;"2024-04-11 22:16:43";"Парафармацевтика";"Пищевая добавка";"'0.15";"'0.1";"1479";"3";"0";"0";"0";"1370.00";"6500.00";;"22%";;
"'frutaksa_BAD_200gr";"1015741067";"1542480921";;"4627193453732";"Жиросжигатель, детокс, Алтея, Алтея, Фрутакса, 200 грамм";"'100";"Алтея";"Продается";;"1118";"'4.70";;"2024-04-11 22:23:28";"БАДы и витамины";"БАД для снижения веса";"'0.88";"'0.3";"215";"0";"0";"0";"0";"1230.00";"2000.00";;"22%";;
"'frutalika_BAD_60caps";"1022063114";"1548063119";;"4627193453695";"Пиколинат хрома для похудения, детокс, жиросжигатель, Алтея, Фруталика, 60 капсул";"'100";"Алтея";"Продается";;"573";"'4.70";;"2024-04-16 12:39:45";"БАДы и витамины";"БАД для снижения веса";"'0.11";"'0.1";"510";"0";"0";"0";"0";"900.00";"2000.00";;"22%";;
"'kavmaz_60ml";"1022069865";"1548037857";;"4660417421292";"Кавказская мазь Натуральное лечебное средство для суставов и связок обезболивающее, Алтея, 60мл";"'100";"Алтея";"Продается";;"5805";"'4.80";;"2024-04-16 12:46:22";"Парафармацевтика";"Лечебное средство";"'0.43";"'0.1";"1027";"12";"0";"0";"0";"1160.00";"2500.00";;"22%";;
"'krem-filler_15ml";"1022092928";"1548065919";;"4657786831418";"Питательный крем для лица антивозрастной, Крем филлер вокруг глаз, с коллагеном с ниацинамидом, Алтея, 15 мл";"'100";"Алтея";"Не продается";;"819";"'0.00";"Товар скрыт по вашей просьбе";"2024-04-16 13:04:51";"Косметика для ухода";"Стик";"'0.12";"'0.1";"0";"0";"0";"0";"0";"30000.00";"50000.00";;"22%";;
"'retiderm_50ml";"1022101077";"1548072003";;"4610172186219";"Крем для лица с ретинолом 0.5, антивозрастной, против морщин, сыворотка от морщин и пигментных пятен, Алтея, Ретидерм, 50 мл";"'100";"Алтея";"Продается";;"11004";"'4.90";;"2024-04-16 13:12:51";"Косметика для ухода";"Крем для ухода за кожей";"'0.67";"'0.1";"4250";"28";"0";"0";"0";"2161.00";"9000.00";;"22%";;
"'insulight_BAD_60caps";"1043546313";"1566867106";;"4627193453961";"Витамины для диабетиков, для профилактики от сахарного диабета, Алтея, Инсулайт, 60 капсул";"'100";"Алтея";"Продается";;"3239";"'4.80";;"2024-05-06 13:29:58";"Парафармацевтика";"Пищевая добавка";"'0.21";"'0.1";"629";"1";"0";"0";"0";"1199.00";"1500.00";;"22%";;
"'intimvita_200ml";"1060421588";"1581991716";;"4630084864616";"Гель для интимной гигиены с молочной кислотой, Алтея, Интимвита, 200 мл";"'100";"Алтея";"Готов к продаже";;"348";"'4.90";;"2024-05-22 20:49:45";"Средства для гигиены тела";"Средство для интимной гигиены";"'0.53";"'0.3";"0";"0";"0";"0";"0";"900.00";"1100.00";;"22%";;
"'maslo_dlya_volos_parf_110ml";"1061531997";"1583009752";;"4610172186875";"Масло для волос парфюмированное, сыворотка для волос Tom Ford Lost Cherry, Алтея, 110 мл";"'100";"Алтея";"Готов к продаже";;"655";"'4.40";;"2024-05-23 14:33:02";"Косметика для ухода за волосами";"Масло для волос";"'0.91";"'0.2";"0";"0";"0";"0";"0";"1000.00";"1500.00";;"22%";;
"'uromax";"1068200403";"1589191436";;"4610030632674";"Лекарство от простатита для мужчин, женьшень корень, Алтея, Уромакс, 20 капсул";"'100";"Алтея";"Продается";;"10365";"'4.70";;"2024-05-29 16:57:19";"Парафармацевтика";"Пищевая добавка";"'0.21";"'0.1";"2672";"8";"0";"0";"0";"1000.00";"2500.00";;"22%";;
"'varifit";"1069136796";"1590032182";;"4693006790233";"Крем мазь от варикоза, конский каштан, Алтея, Варифит, 30 мл";"'100";"Алтея";"Продается";;"2931";"'4.50";;"2024-05-30 11:50:23";"Парафармацевтика";"Лечебное средство";"'0.24";"'0.1";"1651";"3";"0";"0";"0";"719.00";"1200.00";;"22%";;
"'ekzifol";"1069145574";"1590039392";;"4690766790237";"Мазь от грибка ногтей на ногах, противогрибковое средство для ногтей, Алтея, Экзифол, 30 мл";"'100";"Алтея";"Продается";;"2110";"'4.60";;"2024-05-30 11:58:54";"Парафармацевтика";"Лечебное средство";"'0.24";"'0.1";"1302";"3";"0";"0";"0";"700.00";"3200.00";;"22%";;
"'glukofol";"1069174661";"1590064366";;"4610030632698";"Витамины для диабетиков от сахарного диабета, Алтея, Глюкофол, 10 мл";"'100";"Алтея";"Продается";;"865";"'4.60";;"2024-05-30 12:19:58";"Парафармацевтика";"Пищевая добавка";"'0.07";"'0.1";"581";"1";"0";"0";"0";"1000.00";"2500.00";;"22%";;
"'uhovit";"1069197877";"1590087137";;"4610030632667";"Капсулы для улучшения слуха, усилитель слуха, Алтея, Уховит, 20 капсул";"'100";"Алтея";"Продается";;"4671";"'4.60";;"2024-05-30 12:31:33";"Парафармацевтика";"Пищевая добавка";"'0.18";"'0.1";"2189";"7";"0";"0";"0";"1861.00";"6300.00";;"22%";;
"'gemorekt";"1069372424";"1590267064";;"4610030632742";"Крем гель от геморроя и анальных трещин / Геморект, 15 мл";"'100";"Алтея";"Продается";;"3385";"'4.80";;"2024-05-30 14:41:35";"Парафармацевтика";"Лечебное средство";"'0.13";"'0.1";"508";"3";"0";"0";"0";"735.00";"1100.00";;"22%";;
"'wowglam";"1076259977";"1597150074";;"4610030632728";"Сыворотка для роста волос, никотиновая кислота, биотин, бетаин, кератин, масло жожоба, Алтея, WOW GLAM, 10 штук по 2 мл";"'82";"Алтея";"Продается";;"1220";"'4.80";;"2024-06-05 11:57:36";"Косметика для ухода за волосами";"Сыворотка для волос";"'0.33";"'0.1";"99";"1";"0";"0";"0";"1498.00";"2500.00";;"22%";;
"'maslo_dlya_borodi_50ml";"1094915417";"1613737006";;"4610172186882";"Масло для роста бороды, средство для роста, уход за бородой, смягчающее, Алтея, 50 мл";"'100";"Алтея";"Продается";;"1880";"'4.80";;"2024-06-25 13:10:48";"Средства для бритья и груминг";"Средство для ухода за бородой";"'0.15";"'0.1";"604";"2";"0";"0";"0";"1856.00";"3200.00";;"22%";;
"'syvorotka_dlya_lica_30ml";"1094948383";"1613771317";;"4670020497034";"Сыворотка для лица с ниацинамидом для лица антивозрастная, от пигментных пятен, пигментации, Алтея, 30 мл";"'100";"Алтея";"Продается";;"2092";"'4.80";;"2024-06-25 13:59:43";"Косметика для ухода";"Сыворотка для ухода за кожей";"'0.35";"'0.1";"7";"0";"0";"0";"0";"2225.00";"5002.00";;"22%";;
"'menoflavon_BAD_60caps";"1095918062";"1614639084";;"4610030631714";"Фитоэстрогены для женщин, от приливов при климаксе, при менопаузе, Алтея, Мено Флавон, 60 капсул";"'100";"Алтея";"Продается";;"1009";"'4.80";;"2024-06-26 13:54:56";"БАДы и витамины";"БАД при гинекологических нарушениях";"'0.23";"'0.1";"446";"1";"0";"0";"0";"1317.00";"9500.00";;"22%";;
"'penka_160ml";"1112710930";"1629533131";;"4630084864777";"Мицеллярная пенка для умывания лица, для снятия макияжа, средство для снятия макияжа, Алтея, 160";"'100";"Алтея";"Готов к продаже";;"964";"'4.90";;"2024-07-16 09:01:57";"Косметика для ухода";"Средство для снятия макияжа";"'0.42";"'0.2";"0";"0";"0";"0";"0";"3000.00";"12000.00";;"22%";;
"'relaksinol_BAD_60caps";"1112740442";"1629559728";;"4610030631738";"Магний В6 с лавандой, Алтея, Релаксинол, 60 капсул";"'100";"Алтея";"Готов к продаже";;"366";"'4.70";;"2024-07-16 09:23:47";"Парафармацевтика";"Пищевая добавка";"'0.18";"'0.1";"0";"0";"0";"0";"0";"1199.00";"3500.00";;"22%";;
"'wbbiotrin_1_1_1";"1131398137";"1646797818";;"2038301433485";"Мазь для суставов обезболивающая, панты морала,коллаген, хондротин, глюкозамин, Биотрин, 3 шт";"'100";"Алтея";"Готов к продаже";;"802";"'4.70";;"2024-08-02 08:38:17";"Парафармацевтика";"Лечебное средство";"'1.30";"'0.3";"0";"0";"0";"0";"0";"1640.00";"2500.00";;"22%";;
"'nabor_remuver_kremovii";"1143569493";"1657229241";;"4629945399213";"Ремувер для снятия ресниц, Алтея, 18г";"'100";"Алтея";"Продается";;"5024";"'4.80";;"2024-08-13 13:50:59";"Декоративная косметика";"Средство для наращивания ресниц";"'0.58";"'0.3";"1711";"3";"0";"0";"0";"6600.00";"7000.00";;"22%";;
"'gel_dlya_brovei_6ml";"1159897813";"1671085702";;"4609893777394";"Гель для бровей с эффектом ламинирования, Алтея, 6 мл";"'100";"Алтея";"Продается";;"1248";"'4.70";;"2024-08-26 15:20:41";"Декоративная косметика";"Гель для бровей";"'0.03";"'0.1";"1032";"1";"0";"0";"0";"660.00";"3500.00";;"22%";;
"'mycoplax";"1183269948";"1691245886";;"4610030633572";"Мазь от грибка ногтей на ногах, крем гель Алтея, Микоплакс Mycoplax, 15 мл";"'100";"Алтея";"Продается";;"7109";"'4.70";;"2024-09-12 09:57:35";"Парафармацевтика";"Лечебное средство";"'0.17";"'0.1";"1155";"2";"0";"0";"0";"830.00";"2500.00";;"22%";;
"'mycoplax";"1183269948";"2202472605";"6";"OZN2202472605";"Мазь от грибка ногтей на ногах, крем гель Алтея, Микоплакс Mycoplax, 15 мл";"'100";"Алтея";"Готов к продаже";;;;;"2025-05-28 12:11:12";"Парафармацевтика";"Лечебное средство";"'1.21";"'0.2";"0";"0";"0";"0";"0";"499.00";"953.00";;"22%";;
"'osteofast";"1183288454";"1691265016";;"4610030633633";"Мазь для суставов обезболивающая, панты марала и глюкозамин, Алтея, Остеофаст, Osteofast, 30 мл";"'100";"Алтея";"Продается";;"1265";"'4.60";;"2024-09-12 10:06:31";"Парафармацевтика";"Лечебное средство";"'0.20";"'0.1";"639";"1";"0";"0";"0";"760.00";"1500.00";;"22%";;
"'maska-batter_250ml";"1183545172";"1691464882";;"4670020497546";"Маска для волос с кератином восстанавливающая увлажняющая, Алтея, 250 мл";"'100";"Алтея";"Продается";;"2008";"'4.80";;"2024-09-12 13:12:53";"Косметика для ухода за волосами";"Маска для волос";"'0.49";"'0.3";"1008";"2";"0";"0";"0";"1794.00";"9000.00";;"22%";;
"'krem_ot_rastyazhek";"1183558345";"1691475362";;"4660417421650";"Крем/масло от растяжек для беременных и подростков с эластином, Алтея, 200 мл";"'85";"Алтея";"Продается";;"1121";"'4.90";;"2024-09-12 13:25:57";"Косметика для ухода";"Крем для ухода за кожей";"'0.41";"'0.2";"278";"9";"0";"0";"0";"1435.00";"3000.00";;"22%";;
"'stik_ot_mozoley";"1196352442";"1702319370";;"4690222978568";"Карандаш от мозолей, стик от натирания, мозольный пластырь, Алтея, 20 г";"'77.5";"Алтея";"Готов к продаже";;"583";"'4.80";;"2024-09-23 13:24:45";"Косметика для ухода";"Стик";"'0.04";"'0.1";"0";"0";"0";"0";"0";"915.00";"1500.00";;"22%";;
"'yagodniy_spas";"1197837364";"1703614178";;"4610030633701";"Антипаразитарный комплекс от глистов, очищение организма от паразитов, детокс, Алтея, Ягодный спас,10 шипучих таблеток";"'100";"Алтея";"Продается";;"5937";"'4.70";;"2024-09-24 12:25:46";"Парафармацевтика";"Пищевая добавка";"'0.17";"'0.1";"2020";"2";"0";"0";"0";"805.00";"1500.00";;"22%";;
"'syvorotka_dlya_rosta_6ml";"1209019706";"1713211121";;"4685518825374";"Сыворотка для роста ресниц и бровей, гель для роста, Алтея, 6 мл";"'100";"Алтея";"Готов к продаже";;"1109";"'4.70";;"2024-10-03 14:46:33";"Средства по уходу за бровями и ресницами";"Средство для роста ресниц и бровей";"'0.18";"'0.1";"0";"0";"0";"0";"0";"721.00";"1200.00";;"22%";;
"'termo_sprei_200ml";"1218015118";"1720926371";;"4670020497980";"Термозащита Спрей для волос 17 в 1 восстанавливающий с кератином, Алтея, 200 мл";"'100";"Алтея";"Продается";;"384";"'4.80";;"2024-10-10 13:00:47";"Косметика для ухода за волосами";"Спрей для ухода за волосами";"'1.08";"'0.2";"379";"0";"0";"0";"0";"1265.00";"3500.00";;"22%";;
"'limfaks_BAD_30caps";"1245902576";"1745055145";;"4610030631943";"Биологически активная добавка к пище: ""Комплекс для здоровья лимфатической системы"" Лимфакс";"'100";"Алтея";"Продается";;"685";"'4.80";;"2024-10-30 13:43:36";"БАДы и витамины";"БАД для поддержания иммунитета";"'0.19";"'0.1";"313";"2";"0";"0";"0";"992.00";"5500.00";;"22%";;
"'enzim_pudra_80gr";"1246012875";"1745153183";;"4670020498017";"Энзимная пудра для умывания тела и лица, от прыщей, Алтея, 80г";"'100";"Алтея";"Готов к продаже";;"1122";"'4.90";;"2024-10-30 15:43:10";"Косметика для ухода";"Средство для умывания";"'0.29";"'0.1";"0";"0";"0";"0";"0";"779.00";"1500.00";;"22%";;
"'syvorotka_guk_30ml";"1246174383";"1745303363";;"4670020498093";"Сыворотка для лица с витамином с, увлажняющая осветляющая с гиалуроновой кислотой, Алтея, 30 мл";"'100";"Алтея";"Продается";;"944";"'4.80";;"2024-10-30 19:37:24";"Косметика для ухода";"Сыворотка для ухода за кожей";"'0.50";"'0.1";"363";"4";"0";"0";"0";"4525.00";"9400.00";;"22%";;
"'indolakt_BAD_60caps";"1253931299";"1752021365";;"4610030631950";"Индол 3 карбинол брокколи витамины с зеленым чаем Алтея, Индолакт, 60 капсул";"'100";"Алтея";"Продается";;"1243";"'4.90";;"2024-11-07 14:28:08";"Парафармацевтика";"Пищевая добавка";"'0.26";"'0.1";"551";"4";"0";"0";"0";"1199.00";"2500.00";;"22%";"Название: Биологически активные добавки можно продавать только в категории БАДы. Скорректируйте категорию товара; Биологически активные добавки можно продавать только в категории БАДы. Скорректируйте категорию товара; Биологически активные добавки можно продавать только в категории БАДы. Скорректируйте категорию товара";
"'i_am_alpha_BAD_60caps";"1253975348";"1752060204";;"4640257810869";"Тестостерон для мужчин I am alpha Алтея 60 капсул, экдистерон для потенции и мышц спортивный, цинк, тестобустер, витамины для мужчин, бустер";"'100";"Алтея";"Продается";;"1601";"'4.70";;"2024-11-07 15:21:06";"Спортивное питание";"Средства для повышения тестостерона";"'0.21";"'0.1";"313";"2";"0";"0";"0";"1500.00";"2500.00";;"22%";;
"'berberin_laif_BAD_60caps";"1255207293";"1753227855";;"4610030633862";"Берберин + хром + коэнзим + B6 для похудения, контроль аппетита и веса, Алтея, Берберин Лайф, 60 капсул";"'100";"Алтея";"Продается";;"1738";"'4.70";;"2024-11-08 13:51:58";"Парафармацевтика";"Пищевая добавка";"'0.24";"'0.1";"514";"3";"0";"0";"0";"1600.00";"5600.00";;"22%";;
"'b_kompleks_BAD_60tabl";"1261212430";"1758604241";;"4610030631721";"Витамины группы В комплекс Алтея 60 жевательных таблеток";"'100";"Алтея";"Готов к продаже";;"1158";"'4.80";;"2024-11-14 16:15:33";"БАДы и витамины";"Витаминный комплекс";"'0.21";"'0.1";"0";"0";"0";"0";"0";"637.00";"2500.00";;"22%";;
"'revmastop_BAD_60caps";"1263999866";"1761037555";;"4610030631967";"Глюкозамин хондроитин МСМ для суставов и связок Ревмастоп Алтея 60 капсул";"'100";"Алтея";"Продается";;"1245";"'4.80";;"2024-11-18 15:16:43";"БАДы и витамины";"БАД для костей и суставов";"'0.21";"'0.1";"63";"1";"0";"0";"0";"1515.00";"2500.00";;"22%";;
"'kavmaz_40ml_1_1";"1301645903";"1792793774";;"2042302907722";"Кавказская мазь Натуральное лечебное средство для суставов и связок обезболивающее, Алтея, 40 + 40 мл";"'100";"Алтея";"Продается";;"2165";"'4.80";;"2024-12-19 11:19:27";"Парафармацевтика";"Лечебное средство";"'1.44";"'0.3";"483";"3";"0";"0";"0";"1429.00";"2500.00";;"22%";;
"'gel_parfum_tabacco_vanille_450ml";"1302100195";"1793172927";;"4603320465267";"Гель для душа женский парфюмированный Tobacco Vanille, Алтея, 450 мл";"'100";"Алтея";"Продается";;"677";"'4.90";;"2024-12-19 15:11:15";"Средства для гигиены тела";"Средство для душа";"'1.27";"'0.4";"386";"1";"0";"0";"0";"925.00";"1500.00";;"22%";;
"'alteya_young_skin_box";"1318296094";"1805976932";;"4656784976558";"Подарочный набор для женщин. Набор для лица уходовый косметический бьюти Young Skin Box Алтея";"'100";"Алтея";"Готов к продаже";;"299";"'4.70";;"2024-12-27 12:58:23";"Косметика для ухода";"Набор уходовой косметики";"'0.50";"'0.2";"0";"0";"0";"0";"0";"2800.00";"3500.00";;"22%";;
"'alteya_beauty_brows_box";"1318306032";"1805983376";;"4646784974555";"Уход за бровями набор Гель для бровей + сыворотка для ресниц, набор для бровей и ресниц, Алтея";"'100";"Алтея";"Готов к продаже";;"370";"'4.80";;"2024-12-27 13:03:53";"Декоративная косметика";"Набор для бровей";"'0.74";"'0.1";"0";"0";"0";"0";"0";"1100.00";"2000.00";;"22%";;
"'krovavii_piling_30ml";"1318450161";"1806079450";;"4603312714004";"Пиллинг для лица Кровавый кислотный пилинг для лица от прыщей от акне с Альфа и бета-гидроксикислотами салициловая кислота, Алтея 30 мл";"'100";"Алтея";"Продается";;"1900";"'4.80";;"2024-12-27 14:27:32";"Косметика для ухода";"Пилинг";"'0.74";"'0.1";"4";"4";"0";"0";"0";"3700.00";"9500.00";;"22%";;
"'urinofix";"1349825916";"1829803107";;"4610030633930";"От цистита для женщин, от недержания мочи, Уринофикс, Алтея 20 капсул";"'100";"Алтея";"Продается";;"502";"'4.70";;"2025-01-13 14:47:48";"Парафармацевтика";"Пищевая добавка";"'0.17";"'0.1";"509";"0";"0";"0";"0";"1210.00";"1500.00";;"22%";;
"'erobrut";"1349833535";"1829804935";;"4610030633909";"Возбудитель для мужчин, таблетки для потенции, капсулы для секса, 18+, Эробрут,Алтея, 20 капсул";"'100";"Алтея";"Продается";;"1441";"'4.40";;"2025-01-13 14:54:34";"Парафармацевтика";"Пищевая добавка";"'0.19";"'0.1";"578";"2";"0";"0";"0";"777.00";"1250.00";;"22%";;
"'gel_for_men_3_in_1_1000ml";"1373389678";"1847971373";;"4603320465274";"Гель для душа мужской парфюмированный Алтея 1000 мл";"'100";"Алтея";"Продается";;"1522";"'4.90";;"2025-01-25 19:52:29";"Средства для гигиены тела";"Средство для душа";"'2.97";"'1.1";"911";"0";"0";"0";"0";"1059.00";"2500.00";;"22%";;
"'nabor_penka_dlya_resnic";"1373394593";"1847974827";;"4698878338125";"Пенка для нарощенных ресниц и для бровей, для умывания и очищения ресниц Алтея 150 мл";"'100";"Алтея";"Продается";;"563";"'4.90";;"2025-01-25 20:04:59";"Косметика для ухода";"Средство для снятия макияжа";"'1.16";"'0.3";"354";"4";"0";"0";"0";"1350.00";"1500.00";;"22%";;
"'kinzhal_1_1";"1378472310";"1851900175";;"2042608266288";"Виаагра Возбудитель для мужчин, средство для потенции и эрекции, витамины для мужчины, Кинжал, 20 капсул х 2";"'100";"Алтея";"Продается";;"2159";"'4.50";;"2025-01-30 12:58:05";"Парафармацевтика";"Пищевая добавка";"'0.91";"'0.2";"701";"2";"0";"0";"0";"1318.00";"2000.00";;"22%";;
"'sinergel_30ml_1_1";"1378473143";"1851902167";;"2042608328689";"Мазь для суставов обезболивающая с глюкозамин Алтея, Синергель, 30 мл х 2";"'100";"Алтея";"Продается";;"280";"'4.80";;"2025-01-30 13:00:22";"Парафармацевтика";"Лечебное средство";"'0.74";"'0.1";"301";"3";"0";"0";"0";"1240.00";"2500.00";;"22%";;
"'solevoy_sprei_200ml";"1388629103";"1860164273";;"4670020498413";"Солевой спрей для волос/ текстурайзер для объема и укладки волос с фиксацией Алтея 200 мл";"'100";"Алтея";"Продается";;"1226";"'4.80";;"2025-02-06 14:51:12";"Косметика для ухода за волосами";"Спрей для укладки волос";"'0.41";"'0.2";"273";"3";"0";"0";"0";"1208.00";"9500.00";;"22%";;
"'yagodniy_spas_1_1";"1419940646";"1884227964";;"2042827589663";"Антипаразитарный комплекс от глистов, очищение организма от паразитов, детокс, Алтея, Ягодный спас, 20 шипучих таблеток";"'100";"Алтея";"Продается";;"1473";"'4.70";;"2025-02-19 14:49:59";"Парафармацевтика";"Пищевая добавка";"'0.65";"'0.1";"700";"1";"0";"0";"0";"1550.00";"2500.00";;"22%";;
"'maska-batter_dlya_rosta_500ml";"1463073764";"1917245431";;"4603320465366";"Маска для роста волос с перцем, средство для роста волос, для укрепления, Алтея 500мл";"'100";"Алтея";"Продается";;"1469";"'4.90";;"2025-03-05 12:26:18";"Косметика для ухода за волосами";"Маска для волос";"'0.88";"'0.4";"620";"4";"0";"0";"0";"1475.00";"6500.00";;"22%";;
"'gel_brows_5ml";"1463099656";"1917265136";;"4676574657436";"Гель для бровей с коллагеном и эластином, фиксация на 24 часа, Алтея, 5 мл";"'100";"Алтея";"Продается";;"705";"'4.80";;"2025-03-05 12:40:23";"Декоративная косметика";"Гель для бровей";"'0.02";"'0.1";"368";"0";"0";"0";"0";"795.00";"5500.00";;"22%";;
"'maska_dlya_lica_100ml";"1596548331";"2015306117";;"4670020498741";"Маска для лица очищающая и увлажняющая , для сужения пор Алтея 100 мл";"'100";"Алтея";"Готов к продаже";;"1426";"'4.80";;"2025-04-09 14:54:20";"Маска косметическая";"Маска косметическая";"'0.28";"'0.1";"0";"0";"0";"0";"0";"3800.00";"14000.00";;"22%";;
"'tonik_dlya_lica_200ml";"1596908696";"2015547267";;"4670020498499";"Тоник для лица очищающий, увлажняющий тонер, лосьон от пигментации, от прыщей и акне, черных точек для подростков с гликолевой салициловой кислотой, центеллой, ниацинамидом, Алтея 200 мл";"'100";"Алтея";"Продается";;"832";"'4.80";;"2025-04-09 18:40:03";"Косметика для ухода";"Тоник для ухода за кожей";"'0.38";"'0.2";"692";"2";"0";"0";"0";"1515.00";"9500.00";;"22%";;
"'gel_antiakne_20ml";"1596913316";"2015557258";;"4670020498482";"Точечный крем от прыщей. Корректор точечный против прыщей, крем от акне. Салициловая кислота, азелаиновая кислота Алтея 20 мл";"'100";"Алтея";"Готов к продаже";;"800";"'4.80";;"2025-04-09 18:49:06";"Косметика для ухода";"Крем для ухода за кожей";"'0.12";"'0.1";"0";"0";"0";"0";"0";"1450.00";"1550.00";;"22%";;
"'nabor_remuver_40ml_1_1";"1675542540";"2067921716";;"4656887467946";"Ремувер для удаления кутикулы, Алтея, 40 мл х 2";"'100";"Алтея";"Готов к продаже";;"692";"'4.70";;"2025-04-24 13:20:47";"Косметика для ухода";"Средство для ногтей и кутикулы";"'0.50";"'0.1";"0";"0";"0";"0";"0";"1150.00";"1500.00";;"22%";;
"'curly_method_300ml";"1675572370";"2067943215";;"4603320465441";"Кудрявый метод Крем для кудрявых и вьющихся волос Алтея 300 мл";"'100";"Алтея";"Продается";;"1450";"'4.80";;"2025-04-24 13:33:39";"Косметика для ухода за волосами";"Крем для волос";"'0.55";"'0.3";"3";"2";"0";"0";"0";"2459.00";"9500.00";;"22%";;
"'penka_kudryavii_metod_150ml";"1675584273";"2067952800";;"4670020498611";"Кудрявый метод Пенка для укладки кудрявых волос Алтея 150 мл";"'100";"Алтея";"Готов к продаже";;"640";"'4.80";;"2025-04-24 13:40:12";"Косметика для ухода за волосами";"Пенка для волос";"'0.35";"'0.2";"0";"0";"0";"0";"0";"1532.00";"9000.00";;"22%";;
"'silk_hair_300ml";"1675596189";"2067962201";;"4603320465465";"Кудрявый метод Kрем для волос разглаживающий, праймер кондиционер реконструктор, флюид для непослушных или кудрявых волос для кончиков Султан 300мл Алтея";"'100";"Алтея";"Продается";;"868";"'4.80";;"2025-04-24 13:44:14";"Косметика для ухода за волосами";"Крем для волос";"'1.21";"'0.4";"420";"2";"0";"0";"0";"1133.00";"2500.00";;"22%";;
"'ekdisteron_ultra_man_60caps";"1718822397";"2099218978";;"4673748455355";"Тестостерон для мужчин, экдистерон для потенции и мышц спортивный, цинк, тестобустер, витамины для мужчин, бустер Алтея 60 капсул";"'100";"Алтея";"Продается";;"977";"'4.70";;"2025-05-05 08:31:47";"Спортивное питание";"Средства для повышения тестостерона";"'0.17";"'0.1";"199";"1";"0";"0";"0";"1285.00";"2500.00";;"22%";;
"'matte_wax_50ml";"1770854148";"2138175361";;"4603320465304";"Гель-воск для волос сверхсильная фиксация Алтея 50 мл";"'82";"Алтея";"Продается";;"440";"'4.80";;"2025-05-15 12:49:28";"Косметика для ухода за волосами";"Воск для волос";"'0.61";"'0.1";"614";"1";"0";"0";"0";"4500.00";"9500.00";;"22%";;
"'sprei_buster_100ml";"1770944895";"2138241943";;"4603320465359";"Спрей для роста волос и от выпадения волос никотиновая кислота перец размарин Алтея 100 мл";"'100";"Алтея";"Продается";;"2160";"'4.80";;"2025-05-15 13:07:06";"Косметика для ухода за волосами";"Сыворотка для волос";"'0.18";"'0.1";"591";"3";"0";"0";"0";"1422.00";"9500.00";;"22%";;
"'krem_buster_250ml";"1771159379";"2138376665";;"4603320465427";"Антицеллюлитный крем гель для тела от целлюлита Алтея 250 мл";"'100";"Алтея";"Продается";;"641";"'4.70";;"2025-05-15 13:49:55";"Косметика для ухода";"Крем для ухода за кожей";"'0.25";"'0.3";"450";"1";"0";"0";"0";"1418.00";"4500.00";;"22%";;
"'maslo_dlya_volos_parf_110ml_";"1810416506";"2168297398";;"4610172181559";"Масло для волос несмываемое профессиональное Tom Ford Lost Cherry, Алтея, 110 мл";"'100";"Алтея";"Продается";;"610";"'4.70";;"2025-05-22 11:31:12";"Косметика для ухода за волосами";"Масло для волос";"'0.83";"'0.2";"278";"0";"0";"0";"0";"1130.00";"1500.00";;"22%";;
"'syvorotka_dlya_rosta_6ml_v2";"2115001431";"2396972400";;"4656738598843";"Сыворотка для роста ресниц и бровей, гель для роста, Алтея, 6 мл";"'100";"Алтея";"Продается";;"532";"'4.80";;"2025-07-02 19:20:06";"Средства по уходу за бровями и ресницами";"Средство для роста ресниц и бровей";"'0.18";"'0.1";"42";"3";"0";"0";"0";"3294.00";"6056.00";;"22%";;
"'skrab_babl_gam_200ml";"2178202657";"2445342489";;"4660417421476";"Скраб пилинг для кожи головы, Алтея, 200 мл";"'100";"Алтея";"Продается";;"419";"'4.80";;"2025-07-10 12:42:47";"Косметика для ухода за волосами";"Скраб для кожи головы";"'0.90";"'0.2";"385";"0";"0";"0";"0";"1458.00";"9500.00";;"22%";;
"'telomeras_60caps";"2245921397";"2498032276";;"4673748455362";"Теломераза NMN ТА-65 Алтея 60 капсул";"'100";"Алтея";"Продается";;"364";"'4.80";;"2025-07-18 11:59:22";"Парафармацевтика";"Пищевая добавка";"'0.28";"'0.1";"772";"2";"0";"0";"0";"3613.00";"9500.00";;"22%";;
"'krem_dlya_vek_30ml";"2246504372";"2498445505";;"4660417421643";"Крем для век и кожи вокруг глаз Жидкие патчи для глаз Алтея 30 мл";"'100";"Алтея";"Продается";;"609";"'4.80";;"2025-07-18 14:30:21";"Косметика для ухода";"Крем для ухода за кожей";"'0.26";"'0.1";"444";"1";"0";"0";"0";"1857.00";"2500.00";;"22%";;
"'intimvita_300ml";"2306535604";"2545691905";;"4630084865477";"Гель для интимной гигиены с молочной кислотой, Алтея, Интимвита, 300 мл";"'100";"Алтея";"Продается";;"665";"'4.90";;"2025-07-25 17:04:10";"Средства для гигиены тела";"Средство для интимной гигиены";"'1.01";"'0.4";"346";"0";"0";"0";"0";"1095.00";"1500.00";;"22%";;
"'gel_dlya_britya_300ml";"2354122011";"2583100450";;"4603320465458";"Гель для бритья мужской без пены охлаждающий с ментолом Алтея 300 мл";"'100";"Алтея";"Продается";;"792";"'4.70";;"2025-07-31 14:49:30";"Средства для бритья и груминг";"Средство для бритья";"'0.58";"'0.3";"753";"1";"0";"0";"0";"1575.00";"2500.00";;"22%";;
"'pink_pepper_50ml";"2354196765";"2583139610";;"4603320465342";"Крем для лица матирующий с ниацинамидом дневной база под макияж Алтея 50 мл";"'100";"Алтея";"Продается";;"540";"'4.80";;"2025-07-31 15:09:17";"Косметика для ухода";"Крем для ухода за кожей";"'0.20";"'0.2";"493";"3";"0";"0";"0";"1515.00";"2500.00";;"22%";;
"'retinait_syvorotka_1_30ml";"2354257401";"2583177512";;"4603320465403";"Сыворотка с ретинолом 1% для лица от морщин антивозрастная Алтея 30 мл";"'100";"Алтея";"Продается";;"957";"'4.80";;"2025-07-31 15:25:53";"Косметика для ухода";"Сыворотка для ухода за кожей";"'0.50";"'0.1";"712";"4";"0";"0";"0";"2015.00";"9658.00";;"22%";;
"'gel_antiakne_20ml_v2";"2399458351";"2616859755";;"4660417420110";"Крем от прыщей точечный/против прыщей, от акне комедонов угрей черных точек, средство для подростков, для проблемной кожи, гель от прыщей на лице cалициловая, азелаиновая кислота. Алтея 20 мл";"'100";"Алтея";"Продается";;"1648";"'4.80";;"2025-08-05 15:18:21";"Косметика для ухода";"Крем для ухода за кожей";"'0.13";"'0.1";"3";"2";"0";"0";"0";"1850.00";"4200.00";;"22%";;
"'arterol_1_1";"2673932381";"2825063594";;"4675893578767";"Средство от давления, витамины для сердца, чистка сосудов, Алтея, Артерол, 10мл х 2";"'100";"Алтея";"Продается";;"74";"'4.70";;"2025-09-08 16:06:31";"Парафармацевтика";"Пищевая добавка";"'0.50";"'0.1";"222";"0";"0";"0";"0";"1585.00";"2500.00";;"22%";;
"'arterol_1_1_1";"2673955119";"2825078710";;"4627649874784";"Средство от давления, витамины для сердца, чистка сосудов, Алтея, Артерол, 10мл х 3";"'100";"Алтея";"Продается";;"1668";"'4.70";;"2025-09-08 16:17:02";"Парафармацевтика";"Пищевая добавка";"'0.47";"'0.1";"1558";"1";"0";"0";"0";"1910.00";"2500.00";;"22%";;
"'insulight_1_1";"2673991979";"2825101652";;"4683765887831";"Диабет витамины при сахарном диабете, Алтея, Инсулайт, 49г х 2";"'100";"Алтея";"Продается";;"347";"'4.70";;"2025-09-08 16:35:14";"Парафармацевтика";"Пищевая добавка";"'1.30";"'0.3";"401";"2";"0";"0";"0";"1740.00";"2500.00";;"22%";;
"'mycoplax_1_1";"2674014454";"2825114763";;"4687489995674";"Мазь от грибка ногтей на ногах, крем гель Алтея, Микоплакс Mycoplax, 15 мл х 2";"'100";"Алтея";"Продается";;"89";"'4.70";;"2025-09-08 16:44:57";"Парафармацевтика";"Лечебное средство";"'0.50";"'0.1";"323";"0";"0";"0";"0";"1456.00";"3500.00";;"22%";;
"'wbmicelix_1_1";"2674037562";"2825129893";;"4632456164782";"Комплекс Детокс для очищения печени и кишечника, для похудения, детокc для печени, Алтея, Мицеликс, 10 шт х 2";"'82";"Алтея";"Продается";;"46";"'4.80";;"2025-09-08 16:56:17";"Парафармацевтика";"Пищевая добавка";"'1.30";"'0.3";"353";"0";"0";"0";"0";"1580.00";"2500.00";;"22%";;
"'uromax_1_1";"2674055164";"2825142977";;"4634454567374";"Таблетки от простатита для мужчин, женьшень корень, Алтея, Уромакс, 20 капсул х 2";"'100";"Алтея";"Продается";;"1200";"'4.70";;"2025-09-08 17:05:29";"Парафармацевтика";"Пищевая добавка";"'0.50";"'0.1";"1461";"2";"0";"0";"0";"1519.00";"2500.00";;"22%";;
"'varifit_1_1";"2674084022";"2825161431";;"4645563784842";"Крем мазь от варикоза, конский каштан, Алтея, Варифит, 30 мл х 2";"'100";"Алтея";"Продается";;"77";"'4.50";;"2025-09-08 17:18:31";"Парафармацевтика";"Лечебное средство";"'0.63";"'0.1";"246";"0";"0";"0";"0";"1503.00";"5500.00";;"22%";;
"'retinait_krem_1_50ml";"2680491414";"2829866449";;"4660417421605";"Крем для лица с липосомальным ретинолом 1% Ретинайт";"'100";"Алтея";"Продается";;"1776";"'4.90";;"2025-09-09 13:15:19";"Косметика для ухода";"Крем для ухода за кожей";"'0.50";"'0.1";"1738";"8";"0";"0";"0";"3190.00";"7500.00";;"22%";;
"'retinait_krem_025_50ml";"2680833907";"2830096367";;"4660417421599";"Крем для лица с липосомальным ретинолом 0,25% Ретинайт";"'100";"Алтея";"Продается";;"835";"'4.90";;"2025-09-09 14:45:35";"Косметика для ухода";"Крем для ухода за кожей";"'0.55";"'0.1";"1512";"5";"0";"0";"0";"3380.00";"9800.00";;"22%";;
"'vosk_stik_15ml";"2723798665";"2860142614";;"4670207150196";"Воск стик для укладки и фиксации волос Алтея 15 мл";"'82";"Алтея";"Продается";;"112";"'4.90";;"2025-09-16 16:26:04";"Косметика для ухода за волосами";"Воск для волос";"'0.50";"'0.1";"91";"0";"0";"0";"0";"1391.00";"10000.00";;"22%";;
"'enzim_pudra_80gr_v2";"2800758152";"2915421784";;"4645565747487";"Энзимная пудра для умывания тела и лица, от прыщей, Алтея, 80г";"'82";"Алтея";"Готов к продаже";;"368";"'4.90";;"2025-09-29 06:59:01";"Косметика для ухода";"Средство для умывания";"'0.32";"'0.1";"0";"0";"0";"0";"0";"1665.00";"7500.00";;"22%";;
"'retinait_krem_05_50ml";"2831207412";"2937061626";;"4660417421759";"Крем для лица с липосомальным ретинолом 0,5% Ретинайт";"'82";"Алтея";"Продается";;"1359";"'4.90";;"2025-10-06 13:48:16";"Косметика для ухода";"Крем для ухода за кожей";"'0.58";"'0.1";"2124";"4";"0";"0";"0";"2265.00";"2500.00";;"22%";;
"'retinait_krem_01_50ml";"2974043664";"3043803801";;"4660417421629";"Крем для лица с ретинолом и церамидами 50 мл Ретинайт";"'82";"Алтея";"Продается";;"150";"'4.90";;"2025-10-30 10:01:12";"Косметика для ухода";"Крем для ухода за кожей";"'0.50";"'0.1";"945";"2";"0";"0";"0";"3230.00";"3500.00";;"22%";;
"'biotrin_60mlV1";"3048606972";"3098935949";;;"Мазь для суставов обезболивающая, панты морала, хондротин, глюкозамин, Биотрин, 60 мл";"'100";"Алтея";"Готов к продаже";;"0";"'4.70";;"2025-11-12 11:18:29";"Парафармацевтика";"Лечебное средство";"'0.24";"'0.1";"0";"0";"0";"0";"0";"3000.00";"4000.00";;"22%";;
"'antigiperton";"3056333115";"3104292822";;"4610030634135";"Антигипертон витамины для сердца и сосудов от давления 10 шт";"'82";"Алтея";"Не продается";;"76";"'0.00";"Есть запрос от государственного органа";"2025-11-13 15:08:14";"Парафармацевтика";"Пищевая добавка";"'0.10";"'0.1";"0";"0";"0";"0";"0";"3000.00";"5000.00";;"22%";;
"'psoral11";"3060813217";"3107365307";;;"Мазь от псориаза и дерматита, крем от зуда, Алтея, Псорал, 30 мл";"'100";"Алтея";"Готов к продаже";;"0";"'0.00";;"2025-11-14 08:47:42";"Косметика для ухода";"Крем для ухода за кожей";"'0.41";"'0.1";"0";"0";"0";"0";"0";"2000.00";"2500.00";;"22%";;
"'syvorotka_dlya_lica_30ml_v2";"3131245095";"3159927877";;"4603312714069";"Сыворотка для лица с ниацинамидом для лица антивозрастная, от пигментных пятен, пигментации, Алтея, 30 мл";"'82";"Алтея";"Продается";;"254";"'4.80";;"2025-11-26 15:39:55";"Косметика для ухода";"Сыворотка для ухода за кожей";"'0.66";"'0.1";"533";"6";"0";"0";"0";"7000.00";"10500.00";;"22%";;
"'krem_spf50_50ml";"3137302699";"3164675898";;"4660417421766";"СПФ для лица База под макияж увлажняющая с SPF 50 для лица Крем солнцезащитный, крем-флюид, Алтея, 50 мл";"'82";"Алтея";"Продается";;"718";"'4.90";;"2025-11-27 13:02:08";"Косметика для ухода";"Средство солнцезащитное";"'0.58";"'0.1";"986";"10";"0";"0";"0";"1725.00";"9000.00";;"22%";;
"'retinait_krem_1_5_50ml";"3296175113";"3285665744";;"4660417421827";"Крем для лица с ретинолом 1.5, антивозрастной, против морщин, сыворотка от морщин и пигментных пятен, Алтея, Ретинайт, 50 мл";"'82";"Алтея";"Продается";;"1080";"'4.90";;"2025-12-25 10:26:09";"Косметика для ухода";"Крем для ухода за кожей";"'0.50";"'0.1";"3035";"13";"0";"0";"0";"3353.00";"9500.00";;"22%";;
"'Retinol_Start_Kit";"3324969667";"3307454109";;"4660401460092";"Набор уходовой косметики для лица с ретинолом";"'82";"Алтея";"Продается";;"0";"'0.00";;"2025-12-30 09:28:11";"Косметика для ухода";"Крем для ухода за кожей";"'1.35";"'0.3";"0";"0";"100";"0";"0";"4250.00";"6000.00";;"22%";;
"'maska-batter_500ml";"3333313803";"3313805130";;"4630446234156";"Маска для волос с кератином увлажняющая 500мл Алтея";"'82";"Алтея";"Продается";;"172";"'4.80";;"2025-12-31 16:32:55";"Косметика для ухода за волосами";"Маска для волос";"'0.77";"'0.5";"790";"2";"0";"0";"0";"1914.00";"9000.00";;"22%";;
"'retinol_boost_krem_dlya_vek_30ml";"3596673449";"3518343392";;"4660417421636";"Крем c ретинолом для век антивозрастной для кожи и кожи вокруг глаз, Алтея, 30мл";"'69.5";"Алтея";"Продается";;"285";"'4.90";;"2026-02-09 15:04:09";"Косметика для ухода";"Крем для ухода за кожей";"'0.50";"'0.1";"92";"11";"0";"0";"0";"1997.00";"12000.00";;"22%";;
"'syvorotka_niacin_05_30ml";"3613904336";"3531236252";;"4640523970297";"сыворотка для лица с ниацинамидом 5% от прыщей и акне антивозрастная от пигментных пятен увлажняющая Алтея";"'69.5";"Алтея";"Продается";;"78";"'4.80";;"2026-02-13 14:39:45";"Косметика для ухода";"Сыворотка для ухода за кожей";"'0.50";"'0.1";"741";"8";"0";"0";"0";"1800.00";"10500.00";;"22%";;
"'retinait_syvorotka_05_30ml";"3625301604";"3539589591";;"4640523970082";"Сыворотка для лица с ретинолом омолаживающая";"'69.5";"Алтея";"Продается";;"40";"'4.80";;"2026-02-17 13:50:00";"Косметика для ухода";"Сыворотка для ухода за кожей";"'0.50";"'0.1";"971";"2";"0";"0";"0";"2000.00";"2500.00";;"22%";;
"'retinait_syvorotka_025_30ml";"3628798702";"3542323865";;"4640523970099";"Сыворотка с ретинолом 0,25% для лица от морщин антивозрастная Алтея 30 мл";"'69.5";"Алтея";"Продается";;"21";"'4.80";;"2026-02-18 15:45:34";"Косметика для ухода";"Сыворотка для ухода за кожей";"'0.50";"'0.1";"974";"1";"0";"0";"0";"1805.00";"15000.00";;"22%";;
"'Retinol_Full_Journey";"3643894801";"3553420531";;"4660401460108";"Набор уходовой косметики для лица антивозрастной";"'69.5";"Алтея";"Продается";;"0";"'0.00";;"2026-02-24 19:12:30";"Косметика для ухода";"Крем для ухода за кожей";"'1.35";"'0.3";"0";"0";"100";"0";"0";"6000.00";"6500.00";;"22%";;
"'Strong_Hair";"3673502545";"3575347959";;"104607025203";"Набор для волос шампунь + маска для роста волос";"'69.5";"Алтея";"Продается";;"0";"'0.00";;"2026-03-02 15:18:02";"Косметика для ухода за волосами";"Косметический набор для волос";"'2.78";"'0.9";"0";"0";"50";"0";"0";"3000.00";"4000.00";;"22%";;
"'spiculboost_30ml";"3823843992";"3693432789";;"4630446231421";"Сыворотка для лица с микроиглами и коллагеном";"'69.5";"Алтея";"Готов к продаже";;"0";"'0.00";;"2026-03-19 16:44:31";"Косметика для ухода";"Сыворотка для ухода за кожей";"'0.50";"'0.1";"0";"0";"0";"0";"0";"2000.00";"2500.00";;"22%";;
"'spicul_gel_mask_75ml";"3890378713";"3745260313";;"4660417421858";"Гелевая маска для лица со спикулами 3000 ppm и микроиглами";"'69.5";"Алтея";"Готов к продаже";;"0";"'0.00";;"2026-03-25 15:23:20";"Маска косметическая";"Маска косметическая";"'0.12";"'0.1";"0";"0";"0";"0";"0";"2000.00";"2500.00";;"22%";;
