platform;manager;pack_number;pack_index;pack_date;due_date;seller_article;wb_article;ozon_article;name;priority;focus_metric;comment_hint;plan_day_metric;fact_day_metric;plan_month_metric;fact_month_metric;forecast_pct_metric;focus_summary;existing_action;reason;day1;day2;day3;day4;day5
Ozon;Ирина Паламарук;1;1;2026-04-08;2026-04-14;brk018/int/k3/005/p1*mчерный,зеленый,синий;247229875;1174645555;малыши 3 шт;Высокий;Отменили;малыш 3 шт;;;1 кв.;9;;"Ozon: снизить отмены — проверить вариации/комплектацию, точность наличия, обещание доставки и карточку. запланировать перевести с основного склада ~46 шт и добрать/произвести еще ~33 шт Фокус по варианту/подсказке: малыш 3 шт. 163 заказов за 7 дн.; остаток 852 шт (~37 дн.); осн. склад 46 шт; отмена 30д 18%; активных возвратов 415 шт; топ-причина: Покупатель отказался при вручении: товар не подошел";Ozon: запланировать перевести с основного склада ~46 шт и добрать/произвести еще ~33 шт. Ozon: проверить размерную сетку, фото посадки и описание комплекта — много отказов/возвратов. Ozon: перепроверить минимальную цену и участие в акциях — есть риск неэффективной цены.;"163 заказов за 7 дн.; остаток 852 шт (~37 дн.); осн. склад 46 шт; отмена 30д 18%; активных возвратов 415 шт; топ-причина: Покупатель отказался при вручении: товар не подошел";Проверить карточку: размерная сетка, комплектность, цвета/варианты, обещания в описании и FAQ.;"Сверить цену, скидку, акцию и условия доставки; убрать то, что тянет плохой трафик и отмены.";Проверить остатки и кластеры, исключить ложное наличие и слишком длинный срок доставки.;Посмотреть поисковые запросы, тексты и отзывы с негативом, закрыть частые причины отмен.;Сравнить отмены/выкуп до и после правок, зафиксировать решение: оставить / масштабировать / вернуть на доработку.
Ozon;Ирина Паламарук;1;2;2026-04-08;2026-04-14;brk005/spl/k3/019/p1*uчерный,серый,синий;467114670;2522428960;малыши 3 шт ломпас;Средний;Отменили;лампас;;;1 кв.;0;;"Ozon: снизить отмены — проверить вариации/комплектацию, точность наличия, обещание доставки и карточку. наблюдение, без резких действий Фокус по варианту/подсказке: лампас. 4 заказов за 7 дн.; остаток 53 шт (~93 дн.); отмена 30д 22%; активных возвратов 155 шт; топ-причина: Покупатель отказался при вручении: товар не подошел";Ozon: наблюдение, без резких действий. Ozon: проверить размерную сетку, фото посадки и описание комплекта — много отказов/возвратов. Ozon: перепроверить минимальную цену и участие в акциях — есть риск неэффективной цены.;"4 заказов за 7 дн.; остаток 53 шт (~93 дн.); отмена 30д 22%; активных возвратов 155 шт; топ-причина: Покупатель отказался при вручении: товар не подошел";Проверить карточку: размерная сетка, комплектность, цвета/варианты, обещания в описании и FAQ.;"Сверить цену, скидку, акцию и условия доставки; убрать то, что тянет плохой трафик и отмены.";Проверить остатки и кластеры, исключить ложное наличие и слишком длинный срок доставки.;Посмотреть поисковые запросы, тексты и отзывы с негативом, закрыть частые причины отмен.;Сравнить отмены/выкуп до и после правок, зафиксировать решение: оставить / масштабировать / вернуть на доработку.
Ozon;Ирина Паламарук;1;3;2026-04-08;2026-04-14;brk012/ft2/k1/017/p1*mсиний;461224649;2226678387;школа гусинная лапка;Высокий;% выкупа;;;;0.9363354037267081;2;1.468167702;"Ozon: поднять выкуп — размерная сетка, фото посадки, описание ткани/посадки, ответы на отзывы. наблюдение, без резких действий 2 заказов за 7 дн.; остаток 263 шт (~920 дн.); отмена 30д 44%; активных возвратов 32 шт; топ-причина: Покупатель отказался при вручении: товар не подошел";Ozon: наблюдение, без резких действий. Ozon: проверить размерную сетку, фото посадки и описание комплекта — много отказов/возвратов.;"2 заказов за 7 дн.; остаток 263 шт (~920 дн.); отмена 30д 44%; активных возвратов 32 шт; топ-причина: Покупатель отказался при вручении: товар не подошел";Размерная сетка, фото посадки, описание ткани и посадки, блок вопросов/ответов.;Разобрать негатив по размеру/качеству/цвету, добавить пояснения в карточку и изображения.;Проверить соответствие цены ожиданиям клиента и связку цена ↔ качество ↔ комплектация.;"Проверить, где артикул реально доступен быстро; убрать просадки по регионам.";"Сравнить выкуп, возвраты и конверсию в заказ; решить, что масштабировать дальше."
Ozon;Ирина Паламарук;1;4;2026-04-08;2026-04-14;brk012/ft2/k1/018/p1*mсиний;503891710;3296374072;школа синие однотон;Высокий;Кол продаж;;2.25;2.428571429;67.5;17;1.079365079;"Ozon: разогнать продажи — SEO, контент, цена, видимость и локализация под спрос. наблюдение, без резких действий 23 заказов за 7 дн.; остаток 165 шт (~50 дн.); осн. склад 5 240 шт; отмена 30д 54%; активных возвратов 151 шт; топ-причина: Покупатель отказался при вручении: товар не подошел";Ozon: наблюдение, без резких действий. Ozon: проверить размерную сетку, фото посадки и описание комплекта — много отказов/возвратов.;"23 заказов за 7 дн.; остаток 165 шт (~50 дн.); осн. склад 5 240 шт; отмена 30д 54%; активных возвратов 151 шт; топ-причина: Покупатель отказался при вручении: товар не подошел";Пересобрать ключи, заголовок, характеристики, поисковые запросы и релевантность карточки.;Обновить обложку, инфографику, фото/видео и первые экраны карточки.;Сверить цену, индекс/конкурентов, промо, акции и влияние на маржу.;Посмотреть кластеры/склады, сроки доставки и доступность товара под спрос.;"Ozon: проверить видимость, рекламу и воронку; зафиксировать итог и следующий шаг."
Ozon;Ирина Паламарук;1;5;2026-04-08;2026-04-14;brk020/ft2/k1/005/p1*dсерый_меланж;566476239;3630322522;шаравары без манж;Критично;Отменили;с_меланж;;;1 кв.;0;;"Ozon: снизить отмены — проверить вариации/комплектацию, точность наличия, обещание доставки и карточку. срочно пополнить ~127 шт с основного склада Фокус по варианту/подсказке: с_меланж. 33 заказов за 7 дн.; остаток 62 шт (~13 дн.); осн. склад 5 947 шт; отмена 30д 53%; активных возвратов 42 шт; топ-причина: Покупатель отказался при вручении: товар не подошел";Ozon: срочно пополнить ~127 шт с основного склада. Ozon: проверить размерную сетку, фото посадки и описание комплекта — много отказов/возвратов.;"33 заказов за 7 дн.; остаток 62 шт (~13 дн.); осн. склад 5 947 шт; отмена 30д 53%; активных возвратов 42 шт; топ-причина: Покупатель отказался при вручении: товар не подошел";Проверить карточку: размерная сетка, комплектность, цвета/варианты, обещания в описании и FAQ.;"Сверить цену, скидку, акцию и условия доставки; убрать то, что тянет плохой трафик и отмены.";Проверить остатки и кластеры, исключить ложное наличие и слишком длинный срок доставки.;Посмотреть поисковые запросы, тексты и отзывы с негативом, закрыть частые причины отмен.;Сравнить отмены/выкуп до и после правок, зафиксировать решение: оставить / масштабировать / вернуть на доработку.
Ozon;Ирина Паламарук;1;6;2026-04-08;2026-04-14;shr006/spl/k3/015/p1*uчерный,красный,молочный;440399475;1958579119;велосипедки 3 шт;Высокий;Отменили;;;;1 кв.;1;;"Ozon: снизить отмены — проверить вариации/комплектацию, точность наличия, обещание доставки и карточку. наблюдение, без резких действий 5 заказов за 7 дн.; остаток 577 шт (~808 дн.); отмена 30д 6%; активных возвратов 11 шт; топ-причина: Покупатель отказался при вручении: товар не подошел";Ozon: наблюдение, без резких действий. Ozon: проверить размерную сетку, фото посадки и описание комплекта — много отказов/возвратов.;"5 заказов за 7 дн.; остаток 577 шт (~808 дн.); отмена 30д 6%; активных возвратов 11 шт; топ-причина: Покупатель отказался при вручении: товар не подошел";Проверить карточку: размерная сетка, комплектность, цвета/варианты, обещания в описании и FAQ.;"Сверить цену, скидку, акцию и условия доставки; убрать то, что тянет плохой трафик и отмены.";Проверить остатки и кластеры, исключить ложное наличие и слишком длинный срок доставки.;Посмотреть поисковые запросы, тексты и отзывы с негативом, закрыть частые причины отмен.;Сравнить отмены/выкуп до и после правок, зафиксировать решение: оставить / масштабировать / вернуть на доработку.
Ozon;Ирина Паламарук;1;7;2026-04-08;2026-04-14;kss023/sph/k1/002/p1*dсалатовый;153796741;523946777;велоспорт 2 шт;Средний;Отменили;2 пр;;;1 кв.;1;;"Ozon: снизить отмены — проверить вариации/комплектацию, точность наличия, обещание доставки и карточку. наблюдение, без резких действий Фокус по варианту/подсказке: 2 пр. 29 заказов за 7 дн.; остаток 1 111 шт (~268 дн.); осн. склад 2 131 шт; отмена 30д 17%; активных возвратов 50 шт; топ-причина: Покупатель отказался при вручении: товар не подошел";Ozon: наблюдение, без резких действий. Ozon: проверить размерную сетку, фото посадки и описание комплекта — много отказов/возвратов. Ozon: перепроверить минимальную цену и участие в акциях — есть риск неэффективной цены.;"29 заказов за 7 дн.; остаток 1 111 шт (~268 дн.); осн. склад 2 131 шт; отмена 30д 17%; активных возвратов 50 шт; топ-причина: Покупатель отказался при вручении: товар не подошел";Проверить карточку: размерная сетка, комплектность, цвета/варианты, обещания в описании и FAQ.;"Сверить цену, скидку, акцию и условия доставки; убрать то, что тянет плохой трафик и отмены.";Проверить остатки и кластеры, исключить ложное наличие и слишком длинный срок доставки.;Посмотреть поисковые запросы, тексты и отзывы с негативом, закрыть частые причины отмен.;Сравнить отмены/выкуп до и после правок, зафиксировать решение: оставить / масштабировать / вернуть на доработку.
Ozon;Ирина Паламарук;1;8;2026-04-08;2026-04-14;kss023/sph/k1/002/p1*dрозовый;348231025;1463255977;велоспорт 2 шт;Средний;Отменили;2 пр;;;1 кв.;4;;"Ozon: снизить отмены — проверить вариации/комплектацию, точность наличия, обещание доставки и карточку. наблюдение, без резких действий Фокус по варианту/подсказке: 2 пр. 45 заказов за 7 дн.; остаток 1 681 шт (~261 дн.); осн. склад 3 786 шт; отмена 30д 23%; активных возвратов 152 шт; топ-причина: Покупатель отказался при вручении: товар не подошел";Ozon: наблюдение, без резких действий. Ozon: проверить размерную сетку, фото посадки и описание комплекта — много отказов/возвратов. Ozon: перепроверить минимальную цену и участие в акциях — есть риск неэффективной цены.;"45 заказов за 7 дн.; остаток 1 681 шт (~261 дн.); осн. склад 3 786 шт; отмена 30д 23%; активных возвратов 152 шт; топ-причина: Покупатель отказался при вручении: товар не подошел";Проверить карточку: размерная сетка, комплектность, цвета/варианты, обещания в описании и FAQ.;"Сверить цену, скидку, акцию и условия доставки; убрать то, что тянет плохой трафик и отмены.";Проверить остатки и кластеры, исключить ложное наличие и слишком длинный срок доставки.;Посмотреть поисковые запросы, тексты и отзывы с негативом, закрыть частые причины отмен.;Сравнить отмены/выкуп до и после правок, зафиксировать решение: оставить / масштабировать / вернуть на доработку.
Ozon;Ирина Паламарук;1;9;2026-04-08;2026-04-14;kss024/spl/k1/001/p1*dбирюзовый;411181679;1725102622;велоспорт 3 шт;Высокий;Отменили;3 пр;;;1 кв.;0;;"Ozon: снизить отмены — проверить вариации/комплектацию, точность наличия, обещание доставки и карточку. наблюдение, без резких действий Фокус по варианту/подсказке: 3 пр. 16 заказов за 7 дн.; остаток 212 шт (~93 дн.); осн. склад 204 шт; отмена 30д 5%; активных возвратов 11 шт; топ-причина: Покупатель отказался при вручении: товар не подошел";Ozon: наблюдение, без резких действий. Ozon: проверить размерную сетку, фото посадки и описание комплекта — много отказов/возвратов.;"16 заказов за 7 дн.; остаток 212 шт (~93 дн.); осн. склад 204 шт; отмена 30д 5%; активных возвратов 11 шт; топ-причина: Покупатель отказался при вручении: товар не подошел";Проверить карточку: размерная сетка, комплектность, цвета/варианты, обещания в описании и FAQ.;"Сверить цену, скидку, акцию и условия доставки; убрать то, что тянет плохой трафик и отмены.";Проверить остатки и кластеры, исключить ложное наличие и слишком длинный срок доставки.;Посмотреть поисковые запросы, тексты и отзывы с негативом, закрыть частые причины отмен.;Сравнить отмены/выкуп до и после правок, зафиксировать решение: оставить / масштабировать / вернуть на доработку.
Ozon;Ирина Паламарук;1;10;2026-04-08;2026-04-14;kss024/spl/k1/001/p1*dсалатовый;411181682;1725102611;велоспорт 3 шт;Высокий;Отменили;3 пр;;;1 кв.;0;;"Ozon: снизить отмены — проверить вариации/комплектацию, точность наличия, обещание доставки и карточку. наблюдение, без резких действий Фокус по варианту/подсказке: 3 пр. 12 заказов за 7 дн.; остаток 120 шт (~70 дн.); осн. склад 272 шт; отмена 30д 10%; активных возвратов 4 шт; топ-причина: Покупатель отказался при вручении: товар не подошел";Ozon: наблюдение, без резких действий.;"12 заказов за 7 дн.; остаток 120 шт (~70 дн.); осн. склад 272 шт; отмена 30д 10%; активных возвратов 4 шт; топ-причина: Покупатель отказался при вручении: товар не подошел";Проверить карточку: размерная сетка, комплектность, цвета/варианты, обещания в описании и FAQ.;"Сверить цену, скидку, акцию и условия доставки; убрать то, что тянет плохой трафик и отмены.";Проверить остатки и кластеры, исключить ложное наличие и слишком длинный срок доставки.;Посмотреть поисковые запросы, тексты и отзывы с негативом, закрыть частые причины отмен.;Сравнить отмены/выкуп до и после правок, зафиксировать решение: оставить / масштабировать / вернуть на доработку.
Ozon;Ирина Паламарук;1;11;2026-04-08;2026-04-14;kss025/spl/k1/002/p1*dграфит;566490730;3630094135;юбка-шорты;Средний;Отменили;графит;;;1 кв.;2;;"Ozon: снизить отмены — проверить вариации/комплектацию, точность наличия, обещание доставки и карточку. запланировать пополнить ~140 шт с основного склада Фокус по варианту/подсказке: графит. 40 заказов за 7 дн.; остаток 89 шт (~16 дн.); осн. склад 2 452 шт; отмена 30д 15%; активных возвратов 17 шт; топ-причина: Покупатель отказался при вручении: товар не подошел";Ozon: запланировать пополнить ~140 шт с основного склада. Ozon: проверить размерную сетку, фото посадки и описание комплекта — много отказов/возвратов.;"40 заказов за 7 дн.; остаток 89 шт (~16 дн.); осн. склад 2 452 шт; отмена 30д 15%; активных возвратов 17 шт; топ-причина: Покупатель отказался при вручении: товар не подошел";Проверить карточку: размерная сетка, комплектность, цвета/варианты, обещания в описании и FAQ.;"Сверить цену, скидку, акцию и условия доставки; убрать то, что тянет плохой трафик и отмены.";Проверить остатки и кластеры, исключить ложное наличие и слишком длинный срок доставки.;Посмотреть поисковые запросы, тексты и отзывы с негативом, закрыть частые причины отмен.;Сравнить отмены/выкуп до и после правок, зафиксировать решение: оставить / масштабировать / вернуть на доработку.
Ozon;Ирина Паламарук;1;12;2026-04-08;2026-04-14;kss025/ft2/k1/001/p1*dфиолетовый;411181685;1725110120;юбка-шорты;Высокий;Отменили;фиолет;;;1 кв.;0;;"Ozon: снизить отмены — проверить вариации/комплектацию, точность наличия, обещание доставки и карточку. наблюдение, без резких действий Фокус по варианту/подсказке: фиолет. 27 заказов за 7 дн.; остаток 258 шт (~67 дн.); осн. склад 829 шт; отмена 30д 23%; активных возвратов 18 шт; топ-причина: Покупатель отказался при вручении: товар не подошел";Ozon: наблюдение, без резких действий. Ozon: проверить размерную сетку, фото посадки и описание комплекта — много отказов/возвратов.;"27 заказов за 7 дн.; остаток 258 шт (~67 дн.); осн. склад 829 шт; отмена 30д 23%; активных возвратов 18 шт; топ-причина: Покупатель отказался при вручении: товар не подошел";Проверить карточку: размерная сетка, комплектность, цвета/варианты, обещания в описании и FAQ.;"Сверить цену, скидку, акцию и условия доставки; убрать то, что тянет плохой трафик и отмены.";Проверить остатки и кластеры, исключить ложное наличие и слишком длинный срок доставки.;Посмотреть поисковые запросы, тексты и отзывы с негативом, закрыть частые причины отмен.;Сравнить отмены/выкуп до и после правок, зафиксировать решение: оставить / масштабировать / вернуть на доработку.
Ozon;Ирина Паламарук;1;13;2026-04-08;2026-04-14;kss025/ft2/k1/001/p1*dментол;411181683;1725118436;юбка-шорты;Средний;Отменили;ментол;;;1 кв.;0;;"Ozon: снизить отмены — проверить вариации/комплектацию, точность наличия, обещание доставки и карточку. наблюдение, без резких действий Фокус по варианту/подсказке: ментол. 14 заказов за 7 дн.; остаток 232 шт (~116 дн.); осн. склад 961 шт; отмена 30д 32%; активных возвратов 38 шт; топ-причина: Покупатель отказался при вручении: товар не подошел";Ozon: наблюдение, без резких действий. Ozon: проверить размерную сетку, фото посадки и описание комплекта — много отказов/возвратов.;"14 заказов за 7 дн.; остаток 232 шт (~116 дн.); осн. склад 961 шт; отмена 30д 32%; активных возвратов 38 шт; топ-причина: Покупатель отказался при вручении: товар не подошел";Проверить карточку: размерная сетка, комплектность, цвета/варианты, обещания в описании и FAQ.;"Сверить цену, скидку, акцию и условия доставки; убрать то, что тянет плохой трафик и отмены.";Проверить остатки и кластеры, исключить ложное наличие и слишком длинный срок доставки.;Посмотреть поисковые запросы, тексты и отзывы с негативом, закрыть частые причины отмен.;Сравнить отмены/выкуп до и после правок, зафиксировать решение: оставить / масштабировать / вернуть на доработку.
Ozon;Ирина Паламарук;1;14;2026-04-08;2026-04-14;kss026/sph/k1/001/p1*uхаки;569513775;3630225653;хаки;Высокий;% выкупа;;;;0.8166666666666667;0.6055555556;0.7111111111;"Ozon: поднять выкуп — размерная сетка, фото посадки, описание ткани/посадки, ответы на отзывы. запланировать пополнить ~21 шт с основного склада 23 заказов за 7 дн.; остаток 110 шт (~33 дн.); осн. склад 1 413 шт; отмена 30д 13%; активных возвратов 4 шт; топ-причина: Покупатель отказался при вручении: товар не подошел";Ozon: запланировать пополнить ~21 шт с основного склада.;"23 заказов за 7 дн.; остаток 110 шт (~33 дн.); осн. склад 1 413 шт; отмена 30д 13%; активных возвратов 4 шт; топ-причина: Покупатель отказался при вручении: товар не подошел";Размерная сетка, фото посадки, описание ткани и посадки, блок вопросов/ответов.;Разобрать негатив по размеру/качеству/цвету, добавить пояснения в карточку и изображения.;Проверить соответствие цены ожиданиям клиента и связку цена ↔ качество ↔ комплектация.;"Проверить, где артикул реально доступен быстро; убрать просадки по регионам.";"Сравнить выкуп, возвраты и конверсию в заказ; решить, что масштабировать дальше."
Ozon;Ирина Паламарук;1;15;2026-04-08;2026-04-14;kss026/sph/k1/001/p1*uтемно-зеленый;569513777;3630225652;пиксель;Высокий;Сумма заказов;;;;215000;;;"Ozon: разогнать продажи — SEO, контент, цена, видимость и локализация под спрос. запланировать пополнить ~15 шт с основного склада 23 заказов за 7 дн.; остаток 116 шт (~35 дн.); осн. склад 1 308 шт; отмена 30д 14%; активных возвратов 3 шт; топ-причина: Покупатель отказался при вручении: товар не подошел";Ozon: запланировать пополнить ~15 шт с основного склада.;"23 заказов за 7 дн.; остаток 116 шт (~35 дн.); осн. склад 1 308 шт; отмена 30д 14%; активных возвратов 3 шт; топ-причина: Покупатель отказался при вручении: товар не подошел";Пересобрать ключи, заголовок, характеристики, поисковые запросы и релевантность карточки.;Обновить обложку, инфографику, фото/видео и первые экраны карточки.;Сверить цену, индекс/конкурентов, промо, акции и влияние на маржу.;Посмотреть кластеры/склады, сроки доставки и доступность товара под спрос.;"Ozon: проверить видимость, рекламу и воронку; зафиксировать итог и следующий шаг."
Ozon;Ирина Паламарук;1;16;2026-04-08;2026-04-14;kss026/sph/k1/001/p1*uболотный;569513778;3630225654;камуфляж;Высокий;% выкупа;;;;0.5;0.75;0.625;"Ozon: поднять выкуп — размерная сетка, фото посадки, описание ткани/посадки, ответы на отзывы. наблюдение, без резких действий 6 заказов за 7 дн.; остаток 132 шт (~154 дн.); осн. склад 1 238 шт; отмена 30д 8%";Ozon: наблюдение, без резких действий.;"6 заказов за 7 дн.; остаток 132 шт (~154 дн.); осн. склад 1 238 шт; отмена 30д 8%";Размерная сетка, фото посадки, описание ткани и посадки, блок вопросов/ответов.;Разобрать негатив по размеру/качеству/цвету, добавить пояснения в карточку и изображения.;Проверить соответствие цены ожиданиям клиента и связку цена ↔ качество ↔ комплектация.;"Проверить, где артикул реально доступен быстро; убрать просадки по регионам.";"Сравнить выкуп, возвраты и конверсию в заказ; решить, что масштабировать дальше."
Ozon;Ирина Паламарук;1;17;2026-04-08;2026-04-14;lng001/sph/k1/003/p1*uсиний,белый;67018717;428199598;Лонгслив полоска;Средний;% выкупа;;;;0.8349480181936322;0.9170068027;0.8759774105;"Ozon: поднять выкуп — размерная сетка, фото посадки, описание ткани/посадки, ответы на отзывы. наблюдение, без резких действий 18 заказов за 7 дн.; остаток 1 578 шт (~614 дн.); осн. склад 11 932 шт; отмена 30д 22%; активных возвратов 440 шт; топ-причина: Покупатель отказался при вручении: товар не подошел";Ozon: наблюдение, без резких действий. Ozon: проверить размерную сетку, фото посадки и описание комплекта — много отказов/возвратов. Ozon: перепроверить минимальную цену и участие в акциях — есть риск неэффективной цены.;"18 заказов за 7 дн.; остаток 1 578 шт (~614 дн.); осн. склад 11 932 шт; отмена 30д 22%; активных возвратов 440 шт; топ-причина: Покупатель отказался при вручении: товар не подошел";Размерная сетка, фото посадки, описание ткани и посадки, блок вопросов/ответов.;Разобрать негатив по размеру/качеству/цвету, добавить пояснения в карточку и изображения.;Проверить соответствие цены ожиданиям клиента и связку цена ↔ качество ↔ комплектация.;"Проверить, где артикул реально доступен быстро; убрать просадки по регионам.";"Сравнить выкуп, возвраты и конверсию в заказ; решить, что масштабировать дальше."
Ozon;Ирина Паламарук;1;18;2026-04-08;2026-04-14;lng001/spl/k1/035/p1*uбелый,синий,красный;493240788;2720739611;Лонгслив красно-сине-белая полоска;Средний;Отменили;цветной;;;1 кв.;0;;"Ozon: снизить отмены — проверить вариации/комплектацию, точность наличия, обещание доставки и карточку. наблюдение, без резких действий Фокус по варианту/подсказке: цветной. 15 заказов за 7 дн.; остаток 438 шт (~204 дн.); осн. склад 758 шт; отмена 30д 27%; активных возвратов 29 шт; топ-причина: Покупатель отказался при вручении: товар не подошел";Ozon: наблюдение, без резких действий. Ozon: проверить размерную сетку, фото посадки и описание комплекта — много отказов/возвратов.;"15 заказов за 7 дн.; остаток 438 шт (~204 дн.); осн. склад 758 шт; отмена 30д 27%; активных возвратов 29 шт; топ-причина: Покупатель отказался при вручении: товар не подошел";Проверить карточку: размерная сетка, комплектность, цвета/варианты, обещания в описании и FAQ.;"Сверить цену, скидку, акцию и условия доставки; убрать то, что тянет плохой трафик и отмены.";Проверить остатки и кластеры, исключить ложное наличие и слишком длинный срок доставки.;Посмотреть поисковые запросы, тексты и отзывы с негативом, закрыть частые причины отмен.;Сравнить отмены/выкуп до и после правок, зафиксировать решение: оставить / масштабировать / вернуть на доработку.
Ozon;Ирина Паламарук;1;19;2026-04-08;2026-04-14;leg001/spl/k3/013/p1*dоранжевый,зеленый;566478649;3594714138;3 шт;Высокий;Отменили;оранж;;;1 кв.;1;;"Ozon: снизить отмены — проверить вариации/комплектацию, точность наличия, обещание доставки и карточку. наблюдение, без резких действий Фокус по варианту/подсказке: оранж. 15 заказов за 7 дн.; остаток 89 шт (~42 дн.); осн. склад 391 шт; отмена 30д 16%; активных возвратов 2 шт; топ-причина: Покупатель отказался при вручении: товар не подошел";Ozon: наблюдение, без резких действий.;"15 заказов за 7 дн.; остаток 89 шт (~42 дн.); осн. склад 391 шт; отмена 30д 16%; активных возвратов 2 шт; топ-причина: Покупатель отказался при вручении: товар не подошел";Проверить карточку: размерная сетка, комплектность, цвета/варианты, обещания в описании и FAQ.;"Сверить цену, скидку, акцию и условия доставки; убрать то, что тянет плохой трафик и отмены.";Проверить остатки и кластеры, исключить ложное наличие и слишком длинный срок доставки.;Посмотреть поисковые запросы, тексты и отзывы с негативом, закрыть частые причины отмен.;Сравнить отмены/выкуп до и после правок, зафиксировать решение: оставить / масштабировать / вернуть на доработку.
Ozon;Ирина Паламарук;1;20;2026-04-08;2026-04-14;636/mkb002/sph/k3/005/p1/W*dмолочный,розовый;17676901;428484168;принцесса;Средний;Отменили;;;;1 кв.;3;;"Ozon: снизить отмены — проверить вариации/комплектацию, точность наличия, обещание доставки и карточку. наблюдение, без резких действий 118 заказов за 7 дн.; остаток 1 297 шт (~77 дн.); осн. склад 11 202 шт; отмена 30д 11%; активных возвратов 185 шт; топ-причина: Покупатель отказался при вручении: товар не подошел";Ozon: наблюдение, без резких действий. Ozon: проверить размерную сетку, фото посадки и описание комплекта — много отказов/возвратов. Ozon: перепроверить минимальную цену и участие в акциях — есть риск неэффективной цены.;"118 заказов за 7 дн.; остаток 1 297 шт (~77 дн.); осн. склад 11 202 шт; отмена 30д 11%; активных возвратов 185 шт; топ-причина: Покупатель отказался при вручении: товар не подошел";Проверить карточку: размерная сетка, комплектность, цвета/варианты, обещания в описании и FAQ.;"Сверить цену, скидку, акцию и условия доставки; убрать то, что тянет плохой трафик и отмены.";Проверить остатки и кластеры, исключить ложное наличие и слишком длинный срок доставки.;Посмотреть поисковые запросы, тексты и отзывы с негативом, закрыть частые причины отмен.;Сравнить отмены/выкуп до и после правок, зафиксировать решение: оставить / масштабировать / вернуть на доработку.
Ozon;Ирина Паламарук;2;1;2026-04-09;2026-04-15;mkb002/sph/k3/046/p1*dбелый;;609684795;Майки для девочки;Средний;Отменили;ажурка;;;1 кв.;3;;"Ozon: снизить отмены — проверить вариации/комплектацию, точность наличия, обещание доставки и карточку. наблюдение, без резких действий Фокус по варианту/подсказке: ажурка. 30 заказов за 7 дн.; остаток 423 шт (~99 дн.); осн. склад 6 107 шт; отмена 30д 17%; активных возвратов 38 шт; топ-причина: Покупатель отказался при вручении: товар не подошел";Ozon: наблюдение, без резких действий. Ozon: проверить размерную сетку, фото посадки и описание комплекта — много отказов/возвратов. Ozon: перепроверить минимальную цену и участие в акциях — есть риск неэффективной цены.;"30 заказов за 7 дн.; остаток 423 шт (~99 дн.); осн. склад 6 107 шт; отмена 30д 17%; активных возвратов 38 шт; топ-причина: Покупатель отказался при вручении: товар не подошел";Проверить карточку: размерная сетка, комплектность, цвета/варианты, обещания в описании и FAQ.;"Сверить цену, скидку, акцию и условия доставки; убрать то, что тянет плохой трафик и отмены.";Проверить остатки и кластеры, исключить ложное наличие и слишком длинный срок доставки.;Посмотреть поисковые запросы, тексты и отзывы с негативом, закрыть частые причины отмен.;Сравнить отмены/выкуп до и после правок, зафиксировать решение: оставить / масштабировать / вернуть на доработку.
Ozon;Ирина Паламарук;2;2;2026-04-09;2026-04-15;mkb002/sph/k4/050/p1*dрозовый,желтый;387100275;1640201473;тонкие бретель;Средний;Отменили;;;;1 кв.;6;;"Ozon: снизить отмены — проверить вариации/комплектацию, точность наличия, обещание доставки и карточку. запланировать пополнить ~58 шт с основного склада 104 заказов за 7 дн.; остаток 536 шт (~36 дн.); осн. склад 7 282 шт; отмена 30д 13%; активных возвратов 282 шт; топ-причина: Покупатель отказался при вручении: товар не подошел";Ozon: запланировать пополнить ~58 шт с основного склада. Ozon: проверить размерную сетку, фото посадки и описание комплекта — много отказов/возвратов. Ozon: перепроверить минимальную цену и участие в акциях — есть риск неэффективной цены.;"104 заказов за 7 дн.; остаток 536 шт (~36 дн.); осн. склад 7 282 шт; отмена 30д 13%; активных возвратов 282 шт; топ-причина: Покупатель отказался при вручении: товар не подошел";Проверить карточку: размерная сетка, комплектность, цвета/варианты, обещания в описании и FAQ.;"Сверить цену, скидку, акцию и условия доставки; убрать то, что тянет плохой трафик и отмены.";Проверить остатки и кластеры, исключить ложное наличие и слишком длинный срок доставки.;Посмотреть поисковые запросы, тексты и отзывы с негативом, закрыть частые причины отмен.;Сравнить отмены/выкуп до и после правок, зафиксировать решение: оставить / масштабировать / вернуть на доработку.
Ozon;Ирина Паламарук;2;3;2026-04-09;2026-04-15;mkb002/sph/k4/048/p1*dзеленый,оранжевый,розовый;391960792;1725122392;тонкие бретель;Средний;Отменили;;;;1 кв.;9;;"Ozon: снизить отмены — проверить вариации/комплектацию, точность наличия, обещание доставки и карточку. запланировать пополнить ~97 шт с основного склада 107 заказов за 7 дн.; остаток 514 шт (~34 дн.); осн. склад 1 334 шт; отмена 30д 12%; активных возвратов 279 шт; топ-причина: Покупатель отказался при вручении: товар не подошел";Ozon: запланировать пополнить ~97 шт с основного склада. Ozon: проверить размерную сетку, фото посадки и описание комплекта — много отказов/возвратов. Ozon: перепроверить минимальную цену и участие в акциях — есть риск неэффективной цены.;"107 заказов за 7 дн.; остаток 514 шт (~34 дн.); осн. склад 1 334 шт; отмена 30д 12%; активных возвратов 279 шт; топ-причина: Покупатель отказался при вручении: товар не подошел";Проверить карточку: размерная сетка, комплектность, цвета/варианты, обещания в описании и FAQ.;"Сверить цену, скидку, акцию и условия доставки; убрать то, что тянет плохой трафик и отмены.";Проверить остатки и кластеры, исключить ложное наличие и слишком длинный срок доставки.;Посмотреть поисковые запросы, тексты и отзывы с негативом, закрыть частые причины отмен.;Сравнить отмены/выкуп до и после правок, зафиксировать решение: оставить / масштабировать / вернуть на доработку.
Ozon;Ирина Паламарук;2;4;2026-04-09;2026-04-15;mkb000/sph/k5/012/p1*d;168782035;1083898935;ОЕ 5 шт девочка;Высокий;Отменили;;;;1 кв.;5;;"Ozon: снизить отмены — проверить вариации/комплектацию, точность наличия, обещание доставки и карточку. запустить плановое пополнение, целевой объем ~334 шт 127 заказов за 7 дн.; остаток 392 шт (~22 дн.); отмена 30д 14%; активных возвратов 197 шт; топ-причина: Покупатель отказался при вручении: товар не подошел";Ozon: запустить плановое пополнение, целевой объем ~334 шт. Ozon: проверить размерную сетку, фото посадки и описание комплекта — много отказов/возвратов. Ozon: перепроверить минимальную цену и участие в акциях — есть риск неэффективной цены.;"127 заказов за 7 дн.; остаток 392 шт (~22 дн.); отмена 30д 14%; активных возвратов 197 шт; топ-причина: Покупатель отказался при вручении: товар не подошел";Проверить карточку: размерная сетка, комплектность, цвета/варианты, обещания в описании и FAQ.;"Сверить цену, скидку, акцию и условия доставки; убрать то, что тянет плохой трафик и отмены.";Проверить остатки и кластеры, исключить ложное наличие и слишком длинный срок доставки.;Посмотреть поисковые запросы, тексты и отзывы с негативом, закрыть частые причины отмен.;Сравнить отмены/выкуп до и после правок, зафиксировать решение: оставить / масштабировать / вернуть на доработку.
Ozon;Ирина Паламарук;2;5;2026-04-09;2026-04-15;603/pjm004/3/sph/k1/001/p1/W*dбелый,розовый;13046901;428680996;единорог розовый;Средний;Отменили;розовые;;;1 кв.;5;;"Ozon: снизить отмены — проверить вариации/комплектацию, точность наличия, обещание доставки и карточку. наблюдение, без резких действий Фокус по варианту/подсказке: розовые. 60 заказов за 7 дн.; остаток 454 шт (~53 дн.); осн. склад 3 466 шт; отмена 30д 13%; активных возвратов 67 шт; топ-причина: Покупатель отказался при вручении: товар не подошел";Ozon: наблюдение, без резких действий. Ozon: проверить размерную сетку, фото посадки и описание комплекта — много отказов/возвратов. Ozon: перепроверить минимальную цену и участие в акциях — есть риск неэффективной цены.;"60 заказов за 7 дн.; остаток 454 шт (~53 дн.); осн. склад 3 466 шт; отмена 30д 13%; активных возвратов 67 шт; топ-причина: Покупатель отказался при вручении: товар не подошел";Проверить карточку: размерная сетка, комплектность, цвета/варианты, обещания в описании и FAQ.;"Сверить цену, скидку, акцию и условия доставки; убрать то, что тянет плохой трафик и отмены.";Проверить остатки и кластеры, исключить ложное наличие и слишком длинный срок доставки.;Посмотреть поисковые запросы, тексты и отзывы с негативом, закрыть частые причины отмен.;Сравнить отмены/выкуп до и после правок, зафиксировать решение: оставить / масштабировать / вернуть на доработку.
Ozon;Ирина Паламарук;2;6;2026-04-09;2026-04-15;pjm003/sph/k1/016/p1*dмолочный,бордовый;242064209;1288886328;сердечки;Средний;Отменили;малыш;;;1 кв.;2;;"Ozon: снизить отмены — проверить вариации/комплектацию, точность наличия, обещание доставки и карточку. наблюдение, без резких действий Фокус по варианту/подсказке: малыш. 25 заказов за 7 дн.; остаток 545 шт (~153 дн.); осн. склад 348 шт; отмена 30д 12%; активных возвратов 87 шт; топ-причина: Покупатель отказался при вручении: товар не подошел";Ozon: наблюдение, без резких действий. Ozon: проверить размерную сетку, фото посадки и описание комплекта — много отказов/возвратов. Ozon: перепроверить минимальную цену и участие в акциях — есть риск неэффективной цены.;"25 заказов за 7 дн.; остаток 545 шт (~153 дн.); осн. склад 348 шт; отмена 30д 12%; активных возвратов 87 шт; топ-причина: Покупатель отказался при вручении: товар не подошел";Проверить карточку: размерная сетка, комплектность, цвета/варианты, обещания в описании и FAQ.;"Сверить цену, скидку, акцию и условия доставки; убрать то, что тянет плохой трафик и отмены.";Проверить остатки и кластеры, исключить ложное наличие и слишком длинный срок доставки.;Посмотреть поисковые запросы, тексты и отзывы с негативом, закрыть частые причины отмен.;Сравнить отмены/выкуп до и после правок, зафиксировать решение: оставить / масштабировать / вернуть на доработку.
Ozon;Ирина Паламарук;2;7;2026-04-09;2026-04-15;pjm003/sph/k1/016/p2*dмолочный,бордовый;306463337;1369494467;сердечки;Средний;Отменили;бол;;;1 кв.;0;;"Ozon: снизить отмены — проверить вариации/комплектацию, точность наличия, обещание доставки и карточку. наблюдение, без резких действий Фокус по варианту/подсказке: бол. 27 заказов за 7 дн.; остаток 237 шт (~61 дн.); осн. склад 1 677 шт; отмена 30д 23%; активных возвратов 102 шт; топ-причина: Покупатель отказался при вручении: товар не подошел";Ozon: наблюдение, без резких действий. Ozon: проверить размерную сетку, фото посадки и описание комплекта — много отказов/возвратов. Ozon: перепроверить минимальную цену и участие в акциях — есть риск неэффективной цены.;"27 заказов за 7 дн.; остаток 237 шт (~61 дн.); осн. склад 1 677 шт; отмена 30д 23%; активных возвратов 102 шт; топ-причина: Покупатель отказался при вручении: товар не подошел";Проверить карточку: размерная сетка, комплектность, цвета/варианты, обещания в описании и FAQ.;"Сверить цену, скидку, акцию и условия доставки; убрать то, что тянет плохой трафик и отмены.";Проверить остатки и кластеры, исключить ложное наличие и слишком длинный срок доставки.;Посмотреть поисковые запросы, тексты и отзывы с негативом, закрыть частые причины отмен.;Сравнить отмены/выкуп до и после правок, зафиксировать решение: оставить / масштабировать / вернуть на доработку.
Ozon;Ирина Паламарук;2;8;2026-04-09;2026-04-15;pjm003/sph/k1/019/p1*dбежевый;402085849;1701188406;сердечки леопапрд;Высокий;Отменили;сердца;;;1 кв.;0;;"Ozon: снизить отмены — проверить вариации/комплектацию, точность наличия, обещание доставки и карточку. наблюдение, без резких действий Фокус по варианту/подсказке: сердца. 13 заказов за 7 дн.; остаток 140 шт (~75 дн.); осн. склад 756 шт; отмена 30д 14%; активных возвратов 6 шт; топ-причина: Покупатель отказался при вручении: товар не подошел";Ozon: наблюдение, без резких действий. Ozon: проверить размерную сетку, фото посадки и описание комплекта — много отказов/возвратов.;"13 заказов за 7 дн.; остаток 140 шт (~75 дн.); осн. склад 756 шт; отмена 30д 14%; активных возвратов 6 шт; топ-причина: Покупатель отказался при вручении: товар не подошел";Проверить карточку: размерная сетка, комплектность, цвета/варианты, обещания в описании и FAQ.;"Сверить цену, скидку, акцию и условия доставки; убрать то, что тянет плохой трафик и отмены.";Проверить остатки и кластеры, исключить ложное наличие и слишком длинный срок доставки.;Посмотреть поисковые запросы, тексты и отзывы с негативом, закрыть частые причины отмен.;Сравнить отмены/выкуп до и после правок, зафиксировать решение: оставить / масштабировать / вернуть на доработку.
Ozon;Ирина Паламарук;2;9;2026-04-09;2026-04-15;pjm003/sph/k1/012/p1*dзеленый,розовый;320386166;1386320310;Пижамы;Высокий;Отменили;;;;1 кв.;1;;"Ozon: снизить отмены — проверить вариации/комплектацию, точность наличия, обещание доставки и карточку. запланировать перевести с основного склада ~2 шт и добрать/произвести еще ~120 шт 55 заказов за 7 дн.; остаток 192 шт (~24 дн.); осн. склад 2 шт; отмена 30д 10%; активных возвратов 28 шт; топ-причина: Покупатель отказался при вручении: товар не подошел";Ozon: запланировать перевести с основного склада ~2 шт и добрать/произвести еще ~120 шт. Ozon: проверить размерную сетку, фото посадки и описание комплекта — много отказов/возвратов. Ozon: перепроверить минимальную цену и участие в акциях — есть риск неэффективной цены.;"55 заказов за 7 дн.; остаток 192 шт (~24 дн.); осн. склад 2 шт; отмена 30д 10%; активных возвратов 28 шт; топ-причина: Покупатель отказался при вручении: товар не подошел";Проверить карточку: размерная сетка, комплектность, цвета/варианты, обещания в описании и FAQ.;"Сверить цену, скидку, акцию и условия доставки; убрать то, что тянет плохой трафик и отмены.";Проверить остатки и кластеры, исключить ложное наличие и слишком длинный срок доставки.;Посмотреть поисковые запросы, тексты и отзывы с негативом, закрыть частые причины отмен.;Сравнить отмены/выкуп до и после правок, зафиксировать решение: оставить / масштабировать / вернуть на доработку.
Ozon;Ирина Паламарук;2;10;2026-04-09;2026-04-15;pjm003/sph/k1/012/p2*dзеленый,розовый;320386167;1386320558;Пижамы;Высокий;Отменили;;;;1 кв.;0;;"Ozon: снизить отмены — проверить вариации/комплектацию, точность наличия, обещание доставки и карточку. запас комфортный — можно усиливать трафик и держать товар в акциях выборочно 49 заказов за 7 дн.; остаток 653 шт (~93 дн.); отмена 30д 10%; активных возвратов 42 шт; топ-причина: Покупатель отказался при вручении: товар не подошел";Ozon: запас комфортный — можно усиливать трафик и держать товар в акциях выборочно. Ozon: проверить размерную сетку, фото посадки и описание комплекта — много отказов/возвратов.;"49 заказов за 7 дн.; остаток 653 шт (~93 дн.); отмена 30д 10%; активных возвратов 42 шт; топ-причина: Покупатель отказался при вручении: товар не подошел";Проверить карточку: размерная сетка, комплектность, цвета/варианты, обещания в описании и FAQ.;"Сверить цену, скидку, акцию и условия доставки; убрать то, что тянет плохой трафик и отмены.";Проверить остатки и кластеры, исключить ложное наличие и слишком длинный срок доставки.;Посмотреть поисковые запросы, тексты и отзывы с негативом, закрыть частые причины отмен.;Сравнить отмены/выкуп до и после правок, зафиксировать решение: оставить / масштабировать / вернуть на доработку.
Ozon;Ирина Паламарук;2;11;2026-04-09;2026-04-15;pjm005/sph/k1/008/p1*dрозовый,белый;494808823;3677368418;виктория сикрет;Высокий;Отменили;шорты;;;1 кв.;1;;"Ozon: снизить отмены — проверить вариации/комплектацию, точность наличия, обещание доставки и карточку. запас комфортный — можно усиливать трафик и держать товар в акциях выборочно Фокус по варианту/подсказке: шорты. 26 заказов за 7 дн.; остаток 158 шт (~43 дн.); отмена 30д 14%; активных возвратов 6 шт; топ-причина: Покупатель отказался при вручении: товар не подошел";Ozon: запас комфортный — можно усиливать трафик и держать товар в акциях выборочно. Ozon: проверить размерную сетку, фото посадки и описание комплекта — много отказов/возвратов.;"26 заказов за 7 дн.; остаток 158 шт (~43 дн.); отмена 30д 14%; активных возвратов 6 шт; топ-причина: Покупатель отказался при вручении: товар не подошел";Проверить карточку: размерная сетка, комплектность, цвета/варианты, обещания в описании и FAQ.;"Сверить цену, скидку, акцию и условия доставки; убрать то, что тянет плохой трафик и отмены.";Проверить остатки и кластеры, исключить ложное наличие и слишком длинный срок доставки.;Посмотреть поисковые запросы, тексты и отзывы с негативом, закрыть частые причины отмен.;Сравнить отмены/выкуп до и после правок, зафиксировать решение: оставить / масштабировать / вернуть на доработку.
Ozon;Ирина Паламарук;2;12;2026-04-09;2026-04-15;603/pjm001/sph/k1/013/p1/W*dбелый,розовый;17427731;428550118;единорог;Средний;Отменили;розовый;;;1 кв.;1;;"Ozon: снизить отмены — проверить вариации/комплектацию, точность наличия, обещание доставки и карточку. наблюдение, без резких действий Фокус по варианту/подсказке: розовый. 52 заказов за 7 дн.; остаток 2 132 шт (~287 дн.); осн. склад 8 773 шт; отмена 30д 16%; активных возвратов 407 шт; топ-причина: Покупатель отказался при вручении: товар не подошел";Ozon: наблюдение, без резких действий. Ozon: проверить размерную сетку, фото посадки и описание комплекта — много отказов/возвратов. Ozon: перепроверить минимальную цену и участие в акциях — есть риск неэффективной цены.;"52 заказов за 7 дн.; остаток 2 132 шт (~287 дн.); осн. склад 8 773 шт; отмена 30д 16%; активных возвратов 407 шт; топ-причина: Покупатель отказался при вручении: товар не подошел";Проверить карточку: размерная сетка, комплектность, цвета/варианты, обещания в описании и FAQ.;"Сверить цену, скидку, акцию и условия доставки; убрать то, что тянет плохой трафик и отмены.";Проверить остатки и кластеры, исключить ложное наличие и слишком длинный срок доставки.;Посмотреть поисковые запросы, тексты и отзывы с негативом, закрыть частые причины отмен.;Сравнить отмены/выкуп до и после правок, зафиксировать решение: оставить / масштабировать / вернуть на доработку.
Ozon;Ирина Паламарук;2;13;2026-04-09;2026-04-15;pjm001/sph/k1/032/p1*dмолочный,бордовый;252658788;1196013126;сердца;Средний;Отменили;;;;1 кв.;2;;"Ozon: снизить отмены — проверить вариации/комплектацию, точность наличия, обещание доставки и карточку. наблюдение, без резких действий 39 заказов за 7 дн.; остаток 324 шт (~58 дн.); осн. склад 2 380 шт; отмена 30д 25%; активных возвратов 157 шт; топ-причина: Покупатель отказался при вручении: товар не подошел";Ozon: наблюдение, без резких действий. Ozon: проверить размерную сетку, фото посадки и описание комплекта — много отказов/возвратов. Ozon: перепроверить минимальную цену и участие в акциях — есть риск неэффективной цены.;"39 заказов за 7 дн.; остаток 324 шт (~58 дн.); осн. склад 2 380 шт; отмена 30д 25%; активных возвратов 157 шт; топ-причина: Покупатель отказался при вручении: товар не подошел";Проверить карточку: размерная сетка, комплектность, цвета/варианты, обещания в описании и FAQ.;"Сверить цену, скидку, акцию и условия доставки; убрать то, что тянет плохой трафик и отмены.";Проверить остатки и кластеры, исключить ложное наличие и слишком длинный срок доставки.;Посмотреть поисковые запросы, тексты и отзывы с негативом, закрыть частые причины отмен.;Сравнить отмены/выкуп до и после правок, зафиксировать решение: оставить / масштабировать / вернуть на доработку.
Ozon;Ирина Паламарук;2;14;2026-04-09;2026-04-15;pjm001/sph/k1/032/p2*dмолочный,бордовый;304023819;1308344065;сердца;Высокий;Отменили;сердца;;;1 кв.;1;;"Ozon: снизить отмены — проверить вариации/комплектацию, точность наличия, обещание доставки и карточку. наблюдение, без резких действий Фокус по варианту/подсказке: сердца. 24 заказов за 7 дн.; остаток 665 шт (~194 дн.); осн. склад 6 830 шт; отмена 30д 27%; активных возвратов 242 шт; топ-причина: Покупатель отказался при вручении: товар не подошел";Ozon: наблюдение, без резких действий. Ozon: проверить размерную сетку, фото посадки и описание комплекта — много отказов/возвратов. Ozon: перепроверить минимальную цену и участие в акциях — есть риск неэффективной цены.;"24 заказов за 7 дн.; остаток 665 шт (~194 дн.); осн. склад 6 830 шт; отмена 30д 27%; активных возвратов 242 шт; топ-причина: Покупатель отказался при вручении: товар не подошел";Проверить карточку: размерная сетка, комплектность, цвета/варианты, обещания в описании и FAQ.;"Сверить цену, скидку, акцию и условия доставки; убрать то, что тянет плохой трафик и отмены.";Проверить остатки и кластеры, исключить ложное наличие и слишком длинный срок доставки.;Посмотреть поисковые запросы, тексты и отзывы с негативом, закрыть частые причины отмен.;Сравнить отмены/выкуп до и после правок, зафиксировать решение: оставить / масштабировать / вернуть на доработку.
Ozon;Ирина Паламарук;2;15;2026-04-09;2026-04-15;pjm001/sph/k1/039/p1*dсерый,розовый;313719867;1354340407;Пижамы;Средний;% выкупа;роз;;;0.913931430205015;1.090136054;1.002033742;"Ozon: поднять выкуп — размерная сетка, фото посадки, описание ткани/посадки, ответы на отзывы. наблюдение, без резких действий Фокус по варианту/подсказке: роз. 48 заказов за 7 дн.; остаток 888 шт (~130 дн.); осн. склад 483 шт; отмена 30д 14%; активных возвратов 56 шт; топ-причина: Покупатель отказался при вручении: товар не подошел";Ozon: наблюдение, без резких действий. Ozon: проверить размерную сетку, фото посадки и описание комплекта — много отказов/возвратов. Ozon: перепроверить минимальную цену и участие в акциях — есть риск неэффективной цены.;"48 заказов за 7 дн.; остаток 888 шт (~130 дн.); осн. склад 483 шт; отмена 30д 14%; активных возвратов 56 шт; топ-причина: Покупатель отказался при вручении: товар не подошел";Размерная сетка, фото посадки, описание ткани и посадки, блок вопросов/ответов.;Разобрать негатив по размеру/качеству/цвету, добавить пояснения в карточку и изображения.;Проверить соответствие цены ожиданиям клиента и связку цена ↔ качество ↔ комплектация.;"Проверить, где артикул реально доступен быстро; убрать просадки по регионам.";"Сравнить выкуп, возвраты и конверсию в заказ; решить, что масштабировать дальше."
Ozon;Ирина Паламарук;2;16;2026-04-09;2026-04-15;pjm001/int/k1/018/p1*uбелый,серый,красный;;948909875;Пижамы;Средний;Отменили;;;;1 кв.;0;;"Ozon: снизить отмены — проверить вариации/комплектацию, точность наличия, обещание доставки и карточку. наблюдение, без резких действий 2 заказов за 7 дн.; остаток 218 шт (~763 дн.); отмена 30д 13%; активных возвратов 13 шт; топ-причина: Покупатель отказался при вручении: товар не подошел";Ozon: наблюдение, без резких действий. Ozon: проверить размерную сетку, фото посадки и описание комплекта — много отказов/возвратов. Ozon: перепроверить минимальную цену и участие в акциях — есть риск неэффективной цены.;"2 заказов за 7 дн.; остаток 218 шт (~763 дн.); отмена 30д 13%; активных возвратов 13 шт; топ-причина: Покупатель отказался при вручении: товар не подошел";Проверить карточку: размерная сетка, комплектность, цвета/варианты, обещания в описании и FAQ.;"Сверить цену, скидку, акцию и условия доставки; убрать то, что тянет плохой трафик и отмены.";Проверить остатки и кластеры, исключить ложное наличие и слишком длинный срок доставки.;Посмотреть поисковые запросы, тексты и отзывы с негативом, закрыть частые причины отмен.;Сравнить отмены/выкуп до и после правок, зафиксировать решение: оставить / масштабировать / вернуть на доработку.
Ozon;Ирина Паламарук;2;17;2026-04-09;2026-04-15;plw006/ksh/k1/001/p1*dчерный;246954528;1192719064;лапша;Высокий;Отменили;;;;1 кв.;2;;"Ozon: снизить отмены — проверить вариации/комплектацию, точность наличия, обещание доставки и карточку. наблюдение, без резких действий 40 заказов за 7 дн.; остаток 1 421 шт (~249 дн.); осн. склад 567 шт; отмена 30д 30%; активных возвратов 244 шт; топ-причина: Покупатель отказался при вручении: товар не подошел";Ozon: наблюдение, без резких действий. Ozon: проверить размерную сетку, фото посадки и описание комплекта — много отказов/возвратов. Ozon: перепроверить минимальную цену и участие в акциях — есть риск неэффективной цены.;"40 заказов за 7 дн.; остаток 1 421 шт (~249 дн.); осн. склад 567 шт; отмена 30д 30%; активных возвратов 244 шт; топ-причина: Покупатель отказался при вручении: товар не подошел";Проверить карточку: размерная сетка, комплектность, цвета/варианты, обещания в описании и FAQ.;"Сверить цену, скидку, акцию и условия доставки; убрать то, что тянет плохой трафик и отмены.";Проверить остатки и кластеры, исключить ложное наличие и слишком длинный срок доставки.;Посмотреть поисковые запросы, тексты и отзывы с негативом, закрыть частые причины отмен.;Сравнить отмены/выкуп до и после правок, зафиксировать решение: оставить / масштабировать / вернуть на доработку.
